Start configuring DT....
Wed Jul 15 14:43:56 CEST 2026
INSTALL_PREFIX:  /home/ubuntu/programmer/darktable-5.6.0
.
Cloning into '/home/ubuntu/git/darktable'...
Note: switching to 'release-5.6.0'.

You are in 'detached HEAD' state. You can look around, make experimental
changes and commit them, and you can discard any commits you make in this
state without impacting any branches by switching back to a branch.

If you want to create a new branch to retain commits you create, you may
do so (now or later) by using -c with the switch command. Example:

  git switch -c <new-branch-name>

Or undo this operation with:

  git switch -

Turn off this advice by setting config variable advice.detachedHead to false

HEAD is now at 3c17b29767 RELEASE_NOTES.md: minor edit.
Submodule 'src/external/LibRaw' (https://github.com/LibRaw/LibRaw.git) registered for path 'src/external/LibRaw'
Submodule 'src/external/OpenCL' (https://github.com/KhronosGroup/OpenCL-Headers.git) registered for path 'src/external/OpenCL'
Submodule 'src/external/libxcf' (https://github.com/houz/libxcf.git) registered for path 'src/external/libxcf'
Submodule 'src/external/lua-scripts' (https://github.com/darktable-org/lua-scripts.git) registered for path 'src/external/lua-scripts'
Submodule 'src/external/rawspeed' (https://github.com/darktable-org/rawspeed.git) registered for path 'src/external/rawspeed'
Submodule 'src/external/whereami' (https://github.com/gpakosz/whereami) registered for path 'src/external/whereami'
Submodule 'src/tests/integration' (https://github.com/darktable-org/darktable-tests.git) registered for path 'src/tests/integration'
Cloning into '/home/ubuntu/git/darktable/src/external/LibRaw'...
Cloning into '/home/ubuntu/git/darktable/src/external/OpenCL'...
Cloning into '/home/ubuntu/git/darktable/src/external/libxcf'...
Cloning into '/home/ubuntu/git/darktable/src/external/lua-scripts'...
Cloning into '/home/ubuntu/git/darktable/src/external/rawspeed'...
Cloning into '/home/ubuntu/git/darktable/src/external/whereami'...
Cloning into '/home/ubuntu/git/darktable/src/tests/integration'...
Submodule path 'src/external/LibRaw': checked out 'f74ddd995c5447458f132a5377ca0f4b394dff6e'
Submodule path 'src/external/OpenCL': checked out '8a97ebc88daa3495d6f57ec10bb515224400186f'
Submodule path 'src/external/libxcf': checked out '64efecf63ddd952ccf654e479714aaae6f8c5986'
Submodule path 'src/external/lua-scripts': checked out '72e145fb416dd7939a49c611225096bc42e2a916'
Submodule path 'src/external/rawspeed': checked out '7cf3dc3b9d9c82b414198b1f57460478be6c6c9d'
Submodule path 'src/external/whereami': checked out 'e07bc35ecd92ee4c3ac71cf0fb6b01132bfa50de'
Submodule path 'src/tests/integration': checked out 'aaf83597072f865417e0f2d2fe1c90d039b3d142'
darktable build script

Building directory:  /home/ubuntu/git/darktable/build
Installation prefix: /home/ubuntu/programmer/darktable-5.6.0
Build type:          RelWithDebInfo
Build generator:     Unix Makefiles
Build tasks:         1

-- The CXX compiler identification is GNU 15.2.0
-- The C compiler identification is GNU 15.2.0
-- Detecting CXX compiler ABI info
-- Detecting CXX compiler ABI info - done
-- Check for working CXX compiler: /usr/bin/c++ - skipped
-- Detecting CXX compile features
-- Detecting CXX compile features - done
-- Detecting C compiler ABI info
-- Detecting C compiler ABI info - done
-- Check for working C compiler: /usr/bin/cc - skipped
-- Detecting C compile features
-- Detecting C compile features - done
-- Found OpenMP_C: -fopenmp (found suitable version "4.5", minimum required is "4.5")
-- Found OpenMP_CXX: -fopenmp (found suitable version "4.5", minimum required is "4.5")
-- Found OpenMP: TRUE (found suitable version "4.5", minimum required is "4.5")
-- Performing Test CMAKE_HAVE_LIBC_PTHREAD
-- Performing Test CMAKE_HAVE_LIBC_PTHREAD - Success
-- Found Threads: TRUE
-- Performing Test IS_SUPPORTED_PLATFORM
-- Performing Test IS_SUPPORTED_PLATFORM - Success
-- Looking for cpuid.h
-- Looking for cpuid.h - found
-- Looking for __get_cpuid
-- Looking for __get_cpuid - found
-- Looking for execinfo.h
-- Looking for execinfo.h - found
-- Performing Test HAVE_OMP_FIRSTPRIVATE_WITH_CONST
-- Performing Test HAVE_OMP_FIRSTPRIVATE_WITH_CONST - Success
-- Performing Test HAVE_THREAD_RWLOCK_ARCH_T_READERS
-- Performing Test HAVE_THREAD_RWLOCK_ARCH_T_READERS - Success
-- Performing Test HAVE_THREAD_RWLOCK_ARCH_T_NR_READERS
-- Performing Test HAVE_THREAD_RWLOCK_ARCH_T_NR_READERS - Failed
-- Performing libstdc++ version check
-- Performing libstdc++ version check - Success
-- Performing libc++ version check
-- Performing libc++ version check - Success
-- Performing Test C_COMPILER_UNDERSTANDS_-Wall
-- Performing Test C_COMPILER_UNDERSTANDS_-Wall - Success
-- Performing Test CXX_COMPILER_UNDERSTANDS_-Wall
-- Performing Test CXX_COMPILER_UNDERSTANDS_-Wall - Success
-- Performing Test C_COMPILER_UNDERSTANDS_-Wformat
-- Performing Test C_COMPILER_UNDERSTANDS_-Wformat - Success
-- Performing Test CXX_COMPILER_UNDERSTANDS_-Wformat
-- Performing Test CXX_COMPILER_UNDERSTANDS_-Wformat - Success
-- Performing Test C_COMPILER_UNDERSTANDS_-Wformat-security
-- Performing Test C_COMPILER_UNDERSTANDS_-Wformat-security - Success
-- Performing Test CXX_COMPILER_UNDERSTANDS_-Wformat-security
-- Performing Test CXX_COMPILER_UNDERSTANDS_-Wformat-security - Success
-- Performing Test C_COMPILER_UNDERSTANDS_-Wshadow
-- Performing Test C_COMPILER_UNDERSTANDS_-Wshadow - Success
-- Performing Test CXX_COMPILER_UNDERSTANDS_-Wshadow
-- Performing Test CXX_COMPILER_UNDERSTANDS_-Wshadow - Success
-- Performing Test C_COMPILER_UNDERSTANDS_-Wtype-limits
-- Performing Test C_COMPILER_UNDERSTANDS_-Wtype-limits - Success
-- Performing Test CXX_COMPILER_UNDERSTANDS_-Wtype-limits
-- Performing Test CXX_COMPILER_UNDERSTANDS_-Wtype-limits - Success
-- Performing Test C_COMPILER_UNDERSTANDS_-Wvla
-- Performing Test C_COMPILER_UNDERSTANDS_-Wvla - Success
-- Performing Test CXX_COMPILER_UNDERSTANDS_-Wvla
-- Performing Test CXX_COMPILER_UNDERSTANDS_-Wvla - Success
-- Performing Test C_COMPILER_UNDERSTANDS_-Wold-style-declaration
-- Performing Test C_COMPILER_UNDERSTANDS_-Wold-style-declaration - Success
-- Performing Test C_COMPILER_UNDERSTANDS_-Wthread-safety
-- Performing Test C_COMPILER_UNDERSTANDS_-Wthread-safety - Failed
-- Performing Test CXX_COMPILER_UNDERSTANDS_-Wthread-safety
-- Performing Test CXX_COMPILER_UNDERSTANDS_-Wthread-safety - Failed
-- Performing Test C_COMPILER_UNDERSTANDS_-Wmaybe-uninitialized
-- Performing Test C_COMPILER_UNDERSTANDS_-Wmaybe-uninitialized - Success
-- Performing Test CXX_COMPILER_UNDERSTANDS_-Wmaybe-uninitialized
-- Performing Test CXX_COMPILER_UNDERSTANDS_-Wmaybe-uninitialized - Success
-- Performing Test C_COMPILER_UNDERSTANDS_-Wno-unknown-pragmas
-- Performing Test C_COMPILER_UNDERSTANDS_-Wno-unknown-pragmas - Success
-- Performing Test CXX_COMPILER_UNDERSTANDS_-Wno-unknown-pragmas
-- Performing Test CXX_COMPILER_UNDERSTANDS_-Wno-unknown-pragmas - Success
-- Performing Test C_COMPILER_UNDERSTANDS_-Wno-error=varargs
-- Performing Test C_COMPILER_UNDERSTANDS_-Wno-error=varargs - Success
-- Performing Test CXX_COMPILER_UNDERSTANDS_-Wno-error=varargs
-- Performing Test CXX_COMPILER_UNDERSTANDS_-Wno-error=varargs - Success
-- Performing Test C_COMPILER_UNDERSTANDS_-Wno-format-truncation
-- Performing Test C_COMPILER_UNDERSTANDS_-Wno-format-truncation - Success
-- Performing Test CXX_COMPILER_UNDERSTANDS_-Wno-format-truncation
-- Performing Test CXX_COMPILER_UNDERSTANDS_-Wno-format-truncation - Success
-- Performing Test C_COMPILER_UNDERSTANDS_-Wno-error=address-of-packed-member
-- Performing Test C_COMPILER_UNDERSTANDS_-Wno-error=address-of-packed-member - Success
-- Performing Test CXX_COMPILER_UNDERSTANDS_-Wno-error=address-of-packed-member
-- Performing Test CXX_COMPILER_UNDERSTANDS_-Wno-error=address-of-packed-member - Success
-- Performing Test C_COMPILER_UNDERSTANDS_-Wno-typedef-redefinition
-- Performing Test C_COMPILER_UNDERSTANDS_-Wno-typedef-redefinition - Failed
-- Looking for external programs
-- Found perl
-- Found intltool-merge
-- Found desktop-file-validate
-- Performing Test HAVE_FFI_CALL
-- Performing Test HAVE_FFI_CALL - Success
-- Found FFI: /usr/lib/x86_64-linux-gnu/libffi.so
-- Could NOT find LibEdit (missing: LibEdit_INCLUDE_DIRS LibEdit_LIBRARIES) 
-- Performing Test Terminfo_LINKABLE
-- Performing Test Terminfo_LINKABLE - Success
-- Found Terminfo: /usr/lib/x86_64-linux-gnu/libtinfo.so
-- Found ZLIB: /usr/lib/x86_64-linux-gnu/libz.so (found version "1.3.1")
-- Found zstd: /usr/lib/x86_64-linux-gnu/libzstd.so
-- Found LibXml2: /usr/lib/x86_64-linux-gnu/libxml2.so (found version "2.15.2")
-- Found CURL: /usr/lib/x86_64-linux-gnu/libcurl.so (found version "8.18.0")
-- Found LLVM 17.0.6
-- Found clang compiler - /usr/bin/clang-17
-- Found clang opencl-c.h header in /usr/lib/llvm-17/lib/clang/17/include
-- Will be able to test-compile OpenCL programs. Nice.
-- Found jsonschema
-- Found xsltproc
-- Found xmllint
-- All external programs found
-- Found Gettext: /usr/bin/msgmerge (found version "0.23.2")
-- The following OPTIONAL packages have been found:

 * FFI
 * Terminfo
 * zstd
 * LibXml2
 * CURL
 * LLVM

-- The following REQUIRED packages have been found:

 * OpenMP (required version >= 4.5)
 * Threads
 * Gettext
 * ZLIB

-- The following OPTIONAL packages have not been found:

 * LibEdit

-- Checking for -march=native support
-- Performing Test RAWSPEED_MARCHNATIVE
-- Performing Test RAWSPEED_MARCHNATIVE - Success
-- Checking for -march=native support - works
-- Performing Test RAWSPEED_HAVE_CXX_FLAG_WALL
-- Performing Test RAWSPEED_HAVE_CXX_FLAG_WALL - Success
-- Performing Test RAWSPEED_HAVE_CXX_FLAG_WEXTRA
-- Performing Test RAWSPEED_HAVE_CXX_FLAG_WEXTRA - Success
-- Performing Test RAWSPEED_HAVE_CXX_FLAG_WCAST_QUAL
-- Performing Test RAWSPEED_HAVE_CXX_FLAG_WCAST_QUAL - Success
-- Performing Test RAWSPEED_HAVE_CXX_FLAG_WEXTRA_SEMI
-- Performing Test RAWSPEED_HAVE_CXX_FLAG_WEXTRA_SEMI - Success
-- Performing Test RAWSPEED_HAVE_CXX_FLAG_WFORMAT_2
-- Performing Test RAWSPEED_HAVE_CXX_FLAG_WFORMAT_2 - Success
-- Performing Test RAWSPEED_HAVE_CXX_FLAG_WPOINTER_ARITH
-- Performing Test RAWSPEED_HAVE_CXX_FLAG_WPOINTER_ARITH - Success
-- Performing Test RAWSPEED_HAVE_CXX_FLAG_WVLA
-- Performing Test RAWSPEED_HAVE_CXX_FLAG_WVLA - Success
-- Performing Test RAWSPEED_HAVE_CXX_FLAG_WMISSING_FORMAT_ATTRIBUTE
-- Performing Test RAWSPEED_HAVE_CXX_FLAG_WMISSING_FORMAT_ATTRIBUTE - Success
-- Performing Test RAWSPEED_HAVE_CXX_FLAG_WSUGGEST_ATTRIBUTE_FORMAT
-- Performing Test RAWSPEED_HAVE_CXX_FLAG_WSUGGEST_ATTRIBUTE_FORMAT - Success
-- Performing Test RAWSPEED_HAVE_CXX_FLAG_WNO_UNUSED_PARAMETER
-- Performing Test RAWSPEED_HAVE_CXX_FLAG_WNO_UNUSED_PARAMETER - Success
-- Performing Test RAWSPEED_HAVE_CXX_FLAG_WNO_MAYBE_UNINITIALIZED
-- Performing Test RAWSPEED_HAVE_CXX_FLAG_WNO_MAYBE_UNINITIALIZED - Success
-- Performing Test RAWSPEED_HAVE_CXX_FLAG_WNO_STRINGOP_OVERFLOW
-- Performing Test RAWSPEED_HAVE_CXX_FLAG_WNO_STRINGOP_OVERFLOW - Success
-- Performing Test RAWSPEED_HAVE_CXX_FLAG_WNO_ARRAY_BOUNDS
-- Performing Test RAWSPEED_HAVE_CXX_FLAG_WNO_ARRAY_BOUNDS - Success
-- Performing Test RAWSPEED_HAVE_CXX_FLAG_WNO_FREE_NONHEAP_OBJECT
-- Performing Test RAWSPEED_HAVE_CXX_FLAG_WNO_FREE_NONHEAP_OBJECT - Success
-- Performing Test RAWSPEED_HAVE_CXX_FLAG_WSTACK_USAGE_4096
-- Performing Test RAWSPEED_HAVE_CXX_FLAG_WSTACK_USAGE_4096 - Success
-- Performing Test RAWSPEED_HAVE_CXX_FLAG_WFRAME_LARGER_THAN_4096
-- Performing Test RAWSPEED_HAVE_CXX_FLAG_WFRAME_LARGER_THAN_4096 - Success
-- Performing Test RAWSPEED_HAVE_CXX_FLAG_WLARGER_THAN_32768
-- Performing Test RAWSPEED_HAVE_CXX_FLAG_WLARGER_THAN_32768 - Success
-- Performing Test RAWSPEED_HAVE_CXX_FLAG_WERROR
-- Performing Test RAWSPEED_HAVE_CXX_FLAG_WERROR - Success
-- Performing basic integral type checks
-- Performing basic integral type checks - Success
-- Looking for OpenMP
-- Found OpenMP_C: -fopenmp (found version "4.5")
-- Found OpenMP_CXX: -fopenmp (found version "4.5")
-- Found OpenMP: TRUE (found version "4.5")
-- Looking for OpenMP - found (system)
-- Looking for pugixml
-- Found Pugixml 1.14
-- Looking for pugixml - found (system)
-- Looking for JPEG
-- Found JPEG: /usr/lib/x86_64-linux-gnu/libjpeg.so (found version "80")
-- Looking for JPEG - found
-- Looking for jpeg_mem_src
-- Looking for jpeg_mem_src - found
-- Looking for ZLIB
-- Found ZLIB: /usr/lib/x86_64-linux-gnu/libz.so (found suitable version "1.3.1", minimum required is "1.2.11")
-- Looking for C++ include zlib.h
-- Looking for C++ include zlib.h - found
-- Looking for sys/types.h
-- Looking for sys/types.h - found
-- Looking for stdint.h
-- Looking for stdint.h - found
-- Looking for stddef.h
-- Looking for stddef.h - found
-- Check size of uLongf
-- Check size of uLongf - done
-- Looking for Z_OK
-- Looking for Z_OK - found
-- Checking prototype uncompress for HAVE_ZLIB_UNCOMPRESS_PROTOTYPE
-- Checking prototype uncompress for HAVE_ZLIB_UNCOMPRESS_PROTOTYPE - True
-- Checking prototype zError for HAVE_ZLIB_ZERROR_PROTOTYPE
-- Checking prototype zError for HAVE_ZLIB_ZERROR_PROTOTYPE - True
-- Looking for uncompress
-- Looking for uncompress - found
-- Looking for zError
-- Looking for zError - found
-- Looking for ZLIB - found (system)
-- Performing Test HAVE_CXX_THREAD_LOCAL
-- Performing Test HAVE_CXX_THREAD_LOCAL - Success
-- Trying to query CPU L1d cache line size
-- Deciding that the CPU L1d cache line size is 64 bytes
-- Trying to query CPU page size
-- Deciding that the CPU page size is 4096 bytes
-- Trying to query CPU large page size
-- Deciding that the CPU large page size is 2097152 bytes
-- Performing Test RAWSPEED_HAVE_CXX_FLAG_WNO_GLOBAL_CONSTRUCTORS
-- Performing Test RAWSPEED_HAVE_CXX_FLAG_WNO_GLOBAL_CONSTRUCTORS - Success
-- Performing Test RAWSPEED_HAVE_CXX_FLAG_WNO_EXIT_TIME_DESTRUCTORS
-- Performing Test RAWSPEED_HAVE_CXX_FLAG_WNO_EXIT_TIME_DESTRUCTORS - Success
-- Found XMLLINT: /usr/bin/xmllint
-- The following features have been enabled:

 * OpenMP-based threading, used for parallelization of the library
 * XML reading, used for loading of data/cameras.xml
 * Lossy JPEG decoding, used for DNG Lossy JPEG compression decoding
 * ZLIB decoding, used for DNG Deflate compression decoding

-- The following OPTIONAL packages have been found:

 * FFI
 * Terminfo
 * zstd
 * LibXml2
 * CURL
 * LLVM
 * XMLLINT, command line XML tool, <http://xmlsoft.org/>
   Used for validation of data/cameras.xml

-- The following RECOMMENDED packages have been found:

 * JPEG, free library for handling the JPEG image data format, implements a JPEG codec
   Used for decoding DNG Lossy JPEG compression

-- The following REQUIRED packages have been found:

 * Threads
 * Gettext
 * OpenMP, Open Multi-Processing, <https://www.openmp.org/>
   Used for parallelization of the library
 * Pugixml (required version >= 1.8), Light-weight, simple and fast XML parser, <http://pugixml.org/>
   Used for loading of data/cameras.xml
 * ZLIB (required version >= 1.2.11), software library used for data compression
   Used for decoding DNG Deflate compression

-- The following OPTIONAL packages have not been found:

 * LibEdit

-- Fetching ONNX Runtime v1.24.4 release metadata from GitHub API...
-- ONNX Runtime onnxruntime-linux-x64-1.24.4.tgz SHA256: 3a211fbea252c1e66290658f1b735b772056149f28321e71c308942cdb54b747
-- Downloading ONNX Runtime 1.24.4 (onnxruntime-linux-x64-1.24.4.tgz)...
-- [download 0% complete]
-- [download 1% complete]
-- [download 2% complete]
-- [download 3% complete]
-- [download 4% complete]
-- [download 5% complete]
-- [download 6% complete]
-- [download 7% complete]
-- [download 8% complete]
-- [download 9% complete]
-- [download 10% complete]
-- [download 11% complete]
-- [download 12% complete]
-- [download 13% complete]
-- [download 14% complete]
-- [download 15% complete]
-- [download 16% complete]
-- [download 17% complete]
-- [download 18% complete]
-- [download 19% complete]
-- [download 20% complete]
-- [download 21% complete]
-- [download 22% complete]
-- [download 23% complete]
-- [download 24% complete]
-- [download 25% complete]
-- [download 26% complete]
-- [download 27% complete]
-- [download 28% complete]
-- [download 29% complete]
-- [download 30% complete]
-- [download 31% complete]
-- [download 32% complete]
-- [download 33% complete]
-- [download 34% complete]
-- [download 35% complete]
-- [download 36% complete]
-- [download 37% complete]
-- [download 38% complete]
-- [download 39% complete]
-- [download 40% complete]
-- [download 41% complete]
-- [download 42% complete]
-- [download 43% complete]
-- [download 44% complete]
-- [download 45% complete]
-- [download 46% complete]
-- [download 47% complete]
-- [download 48% complete]
-- [download 49% complete]
-- [download 50% complete]
-- [download 51% complete]
-- [download 52% complete]
-- [download 53% complete]
-- [download 54% complete]
-- [download 55% complete]
-- [download 56% complete]
-- [download 57% complete]
-- [download 58% complete]
-- [download 59% complete]
-- [download 60% complete]
-- [download 61% complete]
-- [download 62% complete]
-- [download 63% complete]
-- [download 64% complete]
-- [download 65% complete]
-- [download 66% complete]
-- [download 67% complete]
-- [download 68% complete]
-- [download 69% complete]
-- [download 70% complete]
-- [download 71% complete]
-- [download 72% complete]
-- [download 73% complete]
-- [download 74% complete]
-- [download 75% complete]
-- [download 76% complete]
-- [download 77% complete]
-- [download 78% complete]
-- [download 79% complete]
-- [download 80% complete]
-- [download 81% complete]
-- [download 82% complete]
-- [download 83% complete]
-- [download 84% complete]
-- [download 85% complete]
-- [download 86% complete]
-- [download 87% complete]
-- [download 88% complete]
-- [download 89% complete]
-- [download 90% complete]
-- [download 91% complete]
-- [download 92% complete]
-- [download 93% complete]
-- [download 94% complete]
-- [download 95% complete]
-- [download 96% complete]
-- [download 97% complete]
-- [download 98% complete]
-- [download 99% complete]
-- [download 100% complete]
-- Extracting onnxruntime-linux-x64-1.24.4.tgz...
-- Patched ONNX Runtime CMake config: include/onnxruntime -> include
-- Patched ONNX Runtime CMake config: lib64 -> lib
-- Found PkgConfig: /usr/bin/pkg-config (found version "2.5.1")
-- Checking for modules 'glib-2.0;gobject-2.0;gio-2.0;gmodule-2.0'
--   Found glib-2.0, version 2.88.0
--   Found gobject-2.0, version 2.88.0
--   Found gio-2.0, version 2.88.0
--   Found gmodule-2.0, version 2.88.0
-- Checking for module 'json-glib-1.0'
--   Found json-glib-1.0, version 1.10.8
-- Checking for module 'gtk+-3.0'
--   Found gtk+-3.0, version 3.24.52
-- Checking for module 'librsvg-2.0'
--   Found librsvg-2.0, version 2.61.3
-- Checking for module 'lcms2'
--   Found lcms2, version 2.17
-- Found Glib 2.88.0
-- Checking for module 'gtk+-3.0'
--   Found gtk+-3.0, version 3.24.52
-- Found GTK3: /usr/include/gtk-3.0;/usr/include/pango-1.0;/usr/include;/usr/include/cairo;/usr/include/gdk-pixbuf-2.0;/usr/include/glycin-2;/usr/include/at-spi2-atk/2.0;/usr/include/at-spi-2.0;/usr/include/atk-1.0;/usr/include/dbus-1.0;/usr/lib/x86_64-linux-gnu/dbus-1.0/include;/usr/include/fribidi;/usr/include/pixman-1;/usr/include/harfbuzz;/usr/include/freetype2;/usr/include/libpng16;/usr/include/gio-unix-2.0;/usr/include/glib-2.0;/usr/lib/x86_64-linux-gnu/glib-2.0/include;/usr/include/libmount;/usr/include/blkid;/usr/include/sysprof-6 (Required is at least version "3.24.15")
-- Found LibXml2: /usr/lib/x86_64-linux-gnu/libxml2.so (found suitable version "2.15.2", minimum required is "2.6")
-- Found Potrace: /usr/lib/x86_64-linux-gnu/libpotrace.so
-- Found Gphoto2: /usr/lib/x86_64-linux-gnu/libgphoto2.so (Required is at least version "2.5")
-- Found ZLIB: /usr/lib/x86_64-linux-gnu/libz.so (found version "1.3.1")
-- Found JXL: /usr/lib/x86_64-linux-gnu/libjxl.so (found suitable version "0.11.1", minimum required is "0.7.0")
-- Found WebP: /usr/lib/x86_64-linux-gnu/libwebp.so;/usr/lib/x86_64-linux-gnu/libwebpmux.so (Required is at least version "0.3.0")
-- Building LibRaw from intree copy
-- Found LensFun: /usr/lib/x86_64-linux-gnu/liblensfun.so
-- Found SQLite3: /usr/lib/x86_64-linux-gnu/libsqlite3.so (found suitable version "3.46.1", minimum required is "3.26")
-- Found GIO 
-- Found GThread: /usr/lib/x86_64-linux-gnu/libgthread-2.0.so
-- Found GModule: /usr/lib/x86_64-linux-gnu/libgmodule-2.0.so
-- Found PangoCairo: /usr/lib/x86_64-linux-gnu/libpangocairo-1.0.so
-- Found Rsvg2: /usr/lib/x86_64-linux-gnu/librsvg-2.so
-- Found PNG: /usr/lib/x86_64-linux-gnu/libpng.so (found version "1.6.57")
-- Found TIFF: /usr/lib/x86_64-linux-gnu/libtiff.so (found version "4.7.0")
-- Found LCMS2: /usr/lib/x86_64-linux-gnu/liblcms2.so
-- Found JsonGlib 
-- AI features: enabled (with model download)
-- Found CURL: /usr/lib/x86_64-linux-gnu/libcurl.so (found suitable version "8.18.0", minimum required is "7.56")
-- Found LibArchive: /usr/lib/x86_64-linux-gnu/libarchive.so (found version "3.8.5")
-- Found Exiv2: /usr/lib/x86_64-linux-gnu/libexiv2.so (Required is at least version "0.27.2")
-- Looking for EXV_ENABLE_BMFF
-- Looking for EXV_ENABLE_BMFF - found
-- Exiv2 >= 0.27.4 found with ISOBMFF support (CR3, AVIF, HEIF)
-- Found PortMidi: /usr/lib/x86_64-linux-gnu/libportmidi.so
-- The imported target "openjpip" references the file
   "/usr/lib/x86_64-linux-gnu/libopenjpip.so.2.5.4"
but this file does not exist.  Possible reasons include:
* The file was deleted, renamed, or moved to another location.
* An install or uninstall procedure did not complete successfully.
* The installation package was faulty and contained
   "/usr/lib/x86_64-linux-gnu/cmake/openjpeg-2.5/OpenJPEGTargets.cmake"
but not all the files it references.

-- The imported target "opj_jpip_addxml" references the file
   "/usr/bin/opj_jpip_addxml"
but this file does not exist.  Possible reasons include:
* The file was deleted, renamed, or moved to another location.
* An install or uninstall procedure did not complete successfully.
* The installation package was faulty and contained
   "/usr/lib/x86_64-linux-gnu/cmake/openjpeg-2.5/OpenJPEGTargets.cmake"
but not all the files it references.

-- The imported target "opj_dec_server" references the file
   "/usr/bin/opj_dec_server"
but this file does not exist.  Possible reasons include:
* The file was deleted, renamed, or moved to another location.
* An install or uninstall procedure did not complete successfully.
* The installation package was faulty and contained
   "/usr/lib/x86_64-linux-gnu/cmake/openjpeg-2.5/OpenJPEGTargets.cmake"
but not all the files it references.

-- The imported target "opj_jpip_transcode" references the file
   "/usr/bin/opj_jpip_transcode"
but this file does not exist.  Possible reasons include:
* The file was deleted, renamed, or moved to another location.
* An install or uninstall procedure did not complete successfully.
* The installation package was faulty and contained
   "/usr/lib/x86_64-linux-gnu/cmake/openjpeg-2.5/OpenJPEGTargets.cmake"
but not all the files it references.

-- The imported target "opj_jpip_test" references the file
   "/usr/bin/opj_jpip_test"
but this file does not exist.  Possible reasons include:
* The file was deleted, renamed, or moved to another location.
* An install or uninstall procedure did not complete successfully.
* The installation package was faulty and contained
   "/usr/lib/x86_64-linux-gnu/cmake/openjpeg-2.5/OpenJPEGTargets.cmake"
but not all the files it references.

-- Checking for module 'iso-codes'
--   Found iso-codes, version 4.20.1
-- Found Libsecret: /usr/include/libsecret-1;/usr/include/gio-unix-2.0;/usr/include;/usr/include/glib-2.0;/usr/lib/x86_64-linux-gnu/glib-2.0/include;/usr/include/libmount;/usr/include/blkid;/usr/include/sysprof-6
-- Found GraphicsMagick 1.3.46
-- Performing Test GMIC_VERSION_OK
-- Performing Test GMIC_VERSION_OK - Success
-- Found GMIC 
-- Found ICU: /usr/include (found version "78.2") found components: i18n data uc
-- Performing Test HAVE_BUILTIN_CPU_SUPPORTS
-- Performing Test HAVE_BUILTIN_CPU_SUPPORTS - Success
-- Does the compiler support __builtin_cpu_supports(): 1
-- Performing Test HAVE_TLS
-- Performing Test HAVE_TLS - Success
-- Checking for -march=native support
-- Performing Test MARCHNATIVE
-- Performing Test MARCHNATIVE - Success
-- Lua support: Enabled
-- Found Pugixml 1.14
-- Map mode: enabled
-- Found Cups: /usr/lib/x86_64-linux-gnu/libcups.so (found version "2.4.16")
-- Print mode: enabled
-- Signal debug: print-trace possible
-- Found X11: /usr/include
-- Looking for XOpenDisplay in /usr/lib/x86_64-linux-gnu/libX11.so;/usr/lib/x86_64-linux-gnu/libXext.so
-- Looking for XOpenDisplay in /usr/lib/x86_64-linux-gnu/libX11.so;/usr/lib/x86_64-linux-gnu/libXext.so - found
-- Looking for gethostbyname
-- Looking for gethostbyname - found
-- Looking for connect
-- Looking for connect - found
-- Looking for remove
-- Looking for remove - found
-- Looking for shmat
-- Looking for shmat - found
-- Looking for IceConnectionNumber in ICE
-- Looking for IceConnectionNumber in ICE - found
-- building darktable-cmstest with colord support. nice.
-- LibRaw string version: 0.22.0
-- LibRaw ID version:     0x0220
-- LibRaw SO version:     26.0.0
-- 
-- ----------------------------------------------------------------------------------
--  Libraw 0.22.0 configuration            <http://www.libraw.org>
-- 
--  Libraw will be compiled with OpenMP support .................. YES
--  Libraw will be compiled with LCMS support .................... NO
--  Libraw will be compiled with example command-line programs ... NO
--  Libraw will be compiled with RedCine codec support ........... NO
--  Libraw will be compiled with DNG deflate codec support ....... YES
--  Libraw will be compiled with DNG lossy codec support ......... YES
--  Libraw will be compiled with RawSpeed support ................ NO
--  Libraw will be compiled with debug message from dcraw ........ NO
--  Libraw will be compiled with Foveon X3F support .............. NO
--  Libraw will be compiled with Raspberry Pi RAW support ........ NO
--  Libraw will be compiled as a static library
-- ----------------------------------------------------------------------------------
-- 
Missing po4a-translate. Can NOT create translated manpages
Missing po4a-updatepo. Can NOT update manpage translations
-- The following features have been enabled:

 * OpenMP-based threading, used for parallelization of the library
 * XML reading, used for loading of data/cameras.xml
 * Lossy JPEG decoding, used for DNG Lossy JPEG compression decoding
 * ZLIB decoding, used for DNG Deflate compression decoding

-- The following OPTIONAL packages have been found:

 * FFI
 * Terminfo
 * zstd
 * LLVM
 * XMLLINT, command line XML tool, <http://xmlsoft.org/>
   Used for validation of data/cameras.xml
 * Gphoto2 (required version >= 2.5)
 * OpenEXR (required version >= 3.0)
 * JXL (required version >= 0.7.0)
 * WebP (required version >= 0.3.0)
 * libavif
 * libheif
 * LibArchive
 * PortMidi, Portable MIDI library, <https://github.com/PortMidi/portmidi>
   Used for hardware MIDI input devices
 * OpenJPEG
 * IsoCodes (required version >= 3.66)
 * Libsecret
 * GraphicsMagick
 * GMIC
 * ICU
 * Lua54 (required version >= 5.4)
 * OSMGpsMap
 * Colord
 * ColordGTK
 * Cups
 * SDL2, low level access to audio, keyboard, mouse, joystick, and graphics hardware, <https://www.libsdl.org/>
 * X11

-- The following REQUIRED packages have been found:

 * Gettext
 * ONNXRuntime
 * GTK3 (required version >= 3.24.15)
 * LibXml2 (required version >= 2.6)
 * Potrace
 * Threads
 * Imath
 * LensFun
 * SQLite3 (required version >= 3.26)
 * GIO
 * GThread
 * GModule
 * PangoCairo
 * Rsvg2
 * PNG
 * TIFF
 * LCMS2
 * JsonGlib
 * CURL (required version >= 7.56)
 * Exiv2 (required version >= 0.27.2)
 * Pugixml (required version >= 1.5), Light-weight, simple and fast XML parser, <http://pugixml.org/>
   Used for loading of data/cameras.xml
 * Glib
 * PkgConfig
 * ZLIB, software library used for data compression
   Used for decoding DNG Deflate compression
 * JPEG, free library for handling the JPEG image data format, implements a JPEG codec
   Used for decoding DNG Lossy JPEG compression
 * OpenMP, Open Multi-Processing, <https://www.openmp.org/>
   Used for parallelization of the library

-- The following OPTIONAL packages have not been found:

 * LibEdit

-- Configuring done (11.6s)
-- Generating done (1.5s)
-- Build files have been written to: /home/ubuntu/git/darktable/build
[  0%] Updating version string (git checkout)
Version string: 5.6.0
[  0%] Built target create_version_gen
[  0%] Built target generate_version
[  0%] Building zh_TW locale
5913 translated messages.
[  0%] Built target locale_zh_TW
[  0%] Building cs locale
5910 translated messages.
[  0%] Built target locale_cs
[  0%] Building de locale
5912 translated messages.
[  0%] Built target locale_de
[  0%] Building en@truecase locale
5912 translated messages.
[  0%] Built target locale_en-truecase
[  0%] Building es locale
5912 translated messages.
[  0%] Built target locale_es
[  0%] Building fi locale
5912 translated messages.
[  0%] Built target locale_fi
[  1%] Building fr locale
5912 translated messages.
[  1%] Built target locale_fr
[  1%] Building hu locale
5912 translated messages.
[  1%] Built target locale_hu
[  1%] Building ja locale
5912 translated messages.
[  1%] Built target locale_ja
[  1%] Building nb locale
5910 translated messages.
[  1%] Built target locale_nb
[  1%] Building nl locale
5912 translated messages.
[  1%] Built target locale_nl
[  1%] Building pl locale
5912 translated messages.
[  1%] Built target locale_pl
[  1%] Building pt_BR locale
5912 translated messages.
[  1%] Built target locale_pt_BR
[  1%] Building ru locale
5915 translated messages.
[  1%] Built target locale_ru
[  1%] Building sl locale
5912 translated messages.
[  1%] Built target locale_sl
[  1%] Building sq locale
5910 translated messages.
[  1%] Built target locale_sq
[  2%] Building sv locale
5912 translated messages.
[  2%] Built target locale_sv
[  2%] Building uk locale
5912 translated messages.
[  2%] Built target locale_uk
[  2%] Building zh_CN locale
5912 translated messages.
[  2%] Built target locale_zh_CN
[  2%] Built target locales
[  2%] Generating styles strings for translation
[  2%] Built target generate_styles_string
[  2%] Checking validity of /home/ubuntu/git/darktable/build/share/darktable/darktableconfig.xml
[  2%] Built target validate_darktableconfig_xml
[  2%] Generating configuration min/max/default/type
[  2%] Built target generate_conf
[  2%] Generating preferences
[  2%] Built target generate_preferences
[  2%] Building CXX object bin/external/LibRaw-cmake/CMakeFiles/raw.dir/__/LibRaw/src/decoders/canon_600.cpp.o
[  2%] Building CXX object bin/external/LibRaw-cmake/CMakeFiles/raw.dir/__/LibRaw/src/decoders/crx.cpp.o
[  2%] Building CXX object bin/external/LibRaw-cmake/CMakeFiles/raw.dir/__/LibRaw/src/decoders/decoders_dcraw.cpp.o
[  2%] Building CXX object bin/external/LibRaw-cmake/CMakeFiles/raw.dir/__/LibRaw/src/decoders/decoders_libraw.cpp.o
[  3%] Building CXX object bin/external/LibRaw-cmake/CMakeFiles/raw.dir/__/LibRaw/src/decoders/decoders_libraw_dcrdefs.cpp.o
[  3%] Building CXX object bin/external/LibRaw-cmake/CMakeFiles/raw.dir/__/LibRaw/src/decoders/dng.cpp.o
[  3%] Building CXX object bin/external/LibRaw-cmake/CMakeFiles/raw.dir/__/LibRaw/src/decoders/fp_dng.cpp.o
[  3%] Building CXX object bin/external/LibRaw-cmake/CMakeFiles/raw.dir/__/LibRaw/src/decoders/fuji_compressed.cpp.o
[  3%] Building CXX object bin/external/LibRaw-cmake/CMakeFiles/raw.dir/__/LibRaw/src/decoders/generic.cpp.o
[  3%] Building CXX object bin/external/LibRaw-cmake/CMakeFiles/raw.dir/__/LibRaw/src/decoders/kodak_decoders.cpp.o
[  3%] Building CXX object bin/external/LibRaw-cmake/CMakeFiles/raw.dir/__/LibRaw/src/decoders/load_mfbacks.cpp.o
[  3%] Building CXX object bin/external/LibRaw-cmake/CMakeFiles/raw.dir/__/LibRaw/src/decoders/olympus14.cpp.o
[  3%] Building CXX object bin/external/LibRaw-cmake/CMakeFiles/raw.dir/__/LibRaw/src/decoders/pana8.cpp.o
[  3%] Building CXX object bin/external/LibRaw-cmake/CMakeFiles/raw.dir/__/LibRaw/src/decoders/smal.cpp.o
[  4%] Building CXX object bin/external/LibRaw-cmake/CMakeFiles/raw.dir/__/LibRaw/src/decoders/sonycc.cpp.o
[  4%] Building CXX object bin/external/LibRaw-cmake/CMakeFiles/raw.dir/__/LibRaw/src/decoders/unpack.cpp.o
[  4%] Building CXX object bin/external/LibRaw-cmake/CMakeFiles/raw.dir/__/LibRaw/src/decoders/unpack_thumb.cpp.o
[  4%] Building CXX object bin/external/LibRaw-cmake/CMakeFiles/raw.dir/__/LibRaw/src/decompressors/losslessjpeg.cpp.o
[  4%] Building CXX object bin/external/LibRaw-cmake/CMakeFiles/raw.dir/__/LibRaw/src/demosaic/aahd_demosaic.cpp.o
[  4%] Building CXX object bin/external/LibRaw-cmake/CMakeFiles/raw.dir/__/LibRaw/src/demosaic/ahd_demosaic.cpp.o
[  4%] Building CXX object bin/external/LibRaw-cmake/CMakeFiles/raw.dir/__/LibRaw/src/demosaic/dcb_demosaic.cpp.o
[  4%] Building CXX object bin/external/LibRaw-cmake/CMakeFiles/raw.dir/__/LibRaw/src/demosaic/dht_demosaic.cpp.o
[  4%] Building CXX object bin/external/LibRaw-cmake/CMakeFiles/raw.dir/__/LibRaw/src/demosaic/misc_demosaic.cpp.o
[  4%] Building CXX object bin/external/LibRaw-cmake/CMakeFiles/raw.dir/__/LibRaw/src/demosaic/xtrans_demosaic.cpp.o
[  5%] Building CXX object bin/external/LibRaw-cmake/CMakeFiles/raw.dir/__/LibRaw/src/integration/dngsdk_glue.cpp.o
[  5%] Building CXX object bin/external/LibRaw-cmake/CMakeFiles/raw.dir/__/LibRaw/src/integration/rawspeed_glue.cpp.o
[  5%] Building CXX object bin/external/LibRaw-cmake/CMakeFiles/raw.dir/__/LibRaw/src/libraw_c_api.cpp.o
[  5%] Building CXX object bin/external/LibRaw-cmake/CMakeFiles/raw.dir/__/LibRaw/src/libraw_datastream.cpp.o
[  5%] Building CXX object bin/external/LibRaw-cmake/CMakeFiles/raw.dir/__/LibRaw/src/metadata/adobepano.cpp.o
[  5%] Building CXX object bin/external/LibRaw-cmake/CMakeFiles/raw.dir/__/LibRaw/src/metadata/canon.cpp.o
[  5%] Building CXX object bin/external/LibRaw-cmake/CMakeFiles/raw.dir/__/LibRaw/src/metadata/ciff.cpp.o
[  5%] Building CXX object bin/external/LibRaw-cmake/CMakeFiles/raw.dir/__/LibRaw/src/metadata/cr3_parser.cpp.o
[  5%] Building CXX object bin/external/LibRaw-cmake/CMakeFiles/raw.dir/__/LibRaw/src/metadata/epson.cpp.o
[  5%] Building CXX object bin/external/LibRaw-cmake/CMakeFiles/raw.dir/__/LibRaw/src/metadata/exif_gps.cpp.o
[  6%] Building CXX object bin/external/LibRaw-cmake/CMakeFiles/raw.dir/__/LibRaw/src/metadata/fuji.cpp.o
[  6%] Building CXX object bin/external/LibRaw-cmake/CMakeFiles/raw.dir/__/LibRaw/src/metadata/hasselblad_model.cpp.o
[  6%] Building CXX object bin/external/LibRaw-cmake/CMakeFiles/raw.dir/__/LibRaw/src/metadata/identify.cpp.o
[  6%] Building CXX object bin/external/LibRaw-cmake/CMakeFiles/raw.dir/__/LibRaw/src/metadata/identify_tools.cpp.o
[  6%] Building CXX object bin/external/LibRaw-cmake/CMakeFiles/raw.dir/__/LibRaw/src/metadata/kodak.cpp.o
[  6%] Building CXX object bin/external/LibRaw-cmake/CMakeFiles/raw.dir/__/LibRaw/src/metadata/leica.cpp.o
[  6%] Building CXX object bin/external/LibRaw-cmake/CMakeFiles/raw.dir/__/LibRaw/src/metadata/makernotes.cpp.o
[  6%] Building CXX object bin/external/LibRaw-cmake/CMakeFiles/raw.dir/__/LibRaw/src/metadata/mediumformat.cpp.o
[  6%] Building CXX object bin/external/LibRaw-cmake/CMakeFiles/raw.dir/__/LibRaw/src/metadata/minolta.cpp.o
[  6%] Building CXX object bin/external/LibRaw-cmake/CMakeFiles/raw.dir/__/LibRaw/src/metadata/misc_parsers.cpp.o
[  6%] Building CXX object bin/external/LibRaw-cmake/CMakeFiles/raw.dir/__/LibRaw/src/metadata/nikon.cpp.o
[  7%] Building CXX object bin/external/LibRaw-cmake/CMakeFiles/raw.dir/__/LibRaw/src/metadata/normalize_model.cpp.o
[  7%] Building CXX object bin/external/LibRaw-cmake/CMakeFiles/raw.dir/__/LibRaw/src/metadata/olympus.cpp.o
[  7%] Building CXX object bin/external/LibRaw-cmake/CMakeFiles/raw.dir/__/LibRaw/src/metadata/p1.cpp.o
[  7%] Building CXX object bin/external/LibRaw-cmake/CMakeFiles/raw.dir/__/LibRaw/src/metadata/pentax.cpp.o
[  7%] Building CXX object bin/external/LibRaw-cmake/CMakeFiles/raw.dir/__/LibRaw/src/metadata/samsung.cpp.o
[  7%] Building CXX object bin/external/LibRaw-cmake/CMakeFiles/raw.dir/__/LibRaw/src/metadata/sony.cpp.o
[  7%] Building CXX object bin/external/LibRaw-cmake/CMakeFiles/raw.dir/__/LibRaw/src/metadata/tiff.cpp.o
[  7%] Building CXX object bin/external/LibRaw-cmake/CMakeFiles/raw.dir/__/LibRaw/src/postprocessing/aspect_ratio.cpp.o
[  7%] Building CXX object bin/external/LibRaw-cmake/CMakeFiles/raw.dir/__/LibRaw/src/postprocessing/dcraw_process.cpp.o
[  7%] Building CXX object bin/external/LibRaw-cmake/CMakeFiles/raw.dir/__/LibRaw/src/postprocessing/mem_image.cpp.o
[  8%] Building CXX object bin/external/LibRaw-cmake/CMakeFiles/raw.dir/__/LibRaw/src/postprocessing/postprocessing_aux.cpp.o
[  8%] Building CXX object bin/external/LibRaw-cmake/CMakeFiles/raw.dir/__/LibRaw/src/postprocessing/postprocessing_utils.cpp.o
[  8%] Building CXX object bin/external/LibRaw-cmake/CMakeFiles/raw.dir/__/LibRaw/src/postprocessing/postprocessing_utils_dcrdefs.cpp.o
[  8%] Building CXX object bin/external/LibRaw-cmake/CMakeFiles/raw.dir/__/LibRaw/src/preprocessing/ext_preprocess.cpp.o
[  8%] Building CXX object bin/external/LibRaw-cmake/CMakeFiles/raw.dir/__/LibRaw/src/preprocessing/raw2image.cpp.o
[  8%] Building CXX object bin/external/LibRaw-cmake/CMakeFiles/raw.dir/__/LibRaw/src/preprocessing/subtract_black.cpp.o
[  8%] Building CXX object bin/external/LibRaw-cmake/CMakeFiles/raw.dir/__/LibRaw/src/tables/cameralist.cpp.o
[  8%] Building CXX object bin/external/LibRaw-cmake/CMakeFiles/raw.dir/__/LibRaw/src/tables/colorconst.cpp.o
[  8%] Building CXX object bin/external/LibRaw-cmake/CMakeFiles/raw.dir/__/LibRaw/src/tables/colordata.cpp.o
[  8%] Building CXX object bin/external/LibRaw-cmake/CMakeFiles/raw.dir/__/LibRaw/src/tables/wblists.cpp.o
[  9%] Building CXX object bin/external/LibRaw-cmake/CMakeFiles/raw.dir/__/LibRaw/src/utils/curves.cpp.o
[  9%] Building CXX object bin/external/LibRaw-cmake/CMakeFiles/raw.dir/__/LibRaw/src/utils/decoder_info.cpp.o
[  9%] Building CXX object bin/external/LibRaw-cmake/CMakeFiles/raw.dir/__/LibRaw/src/utils/init_close_utils.cpp.o
[  9%] Building CXX object bin/external/LibRaw-cmake/CMakeFiles/raw.dir/__/LibRaw/src/utils/open.cpp.o
[  9%] Building CXX object bin/external/LibRaw-cmake/CMakeFiles/raw.dir/__/LibRaw/src/utils/phaseone_processing.cpp.o
[  9%] Building CXX object bin/external/LibRaw-cmake/CMakeFiles/raw.dir/__/LibRaw/src/utils/read_utils.cpp.o
[  9%] Building CXX object bin/external/LibRaw-cmake/CMakeFiles/raw.dir/__/LibRaw/src/utils/thumb_utils.cpp.o
[  9%] Building CXX object bin/external/LibRaw-cmake/CMakeFiles/raw.dir/__/LibRaw/src/utils/utils_dcraw.cpp.o
[  9%] Building CXX object bin/external/LibRaw-cmake/CMakeFiles/raw.dir/__/LibRaw/src/utils/utils_libraw.cpp.o
[  9%] Building CXX object bin/external/LibRaw-cmake/CMakeFiles/raw.dir/__/LibRaw/src/write/apply_profile.cpp.o
[ 10%] Building CXX object bin/external/LibRaw-cmake/CMakeFiles/raw.dir/__/LibRaw/src/write/file_write.cpp.o
[ 10%] Building CXX object bin/external/LibRaw-cmake/CMakeFiles/raw.dir/__/LibRaw/src/write/tiff_writer.cpp.o
[ 10%] Building CXX object bin/external/LibRaw-cmake/CMakeFiles/raw.dir/__/LibRaw/src/x3f/x3f_parse_process.cpp.o
[ 10%] Building CXX object bin/external/LibRaw-cmake/CMakeFiles/raw.dir/__/LibRaw/src/x3f/x3f_utils_patched.cpp.o
[ 10%] Linking CXX static library libraw.a
[ 10%] Built target raw
[ 10%] Building CXX object lib/darktable/rawspeed/src/librawspeed/decoders/CMakeFiles/rawspeed_decoders.dir/AbstractTiffDecoder.cpp.o
[ 10%] Building CXX object lib/darktable/rawspeed/src/librawspeed/decoders/CMakeFiles/rawspeed_decoders.dir/ArwDecoder.cpp.o
[ 10%] Building CXX object lib/darktable/rawspeed/src/librawspeed/decoders/CMakeFiles/rawspeed_decoders.dir/Cr2Decoder.cpp.o
[ 10%] Building CXX object lib/darktable/rawspeed/src/librawspeed/decoders/CMakeFiles/rawspeed_decoders.dir/CrwDecoder.cpp.o
[ 10%] Building CXX object lib/darktable/rawspeed/src/librawspeed/decoders/CMakeFiles/rawspeed_decoders.dir/DcrDecoder.cpp.o
[ 10%] Building CXX object lib/darktable/rawspeed/src/librawspeed/decoders/CMakeFiles/rawspeed_decoders.dir/DcsDecoder.cpp.o
[ 10%] Building CXX object lib/darktable/rawspeed/src/librawspeed/decoders/CMakeFiles/rawspeed_decoders.dir/DngDecoder.cpp.o
[ 11%] Building CXX object lib/darktable/rawspeed/src/librawspeed/decoders/CMakeFiles/rawspeed_decoders.dir/ErfDecoder.cpp.o
[ 11%] Building CXX object lib/darktable/rawspeed/src/librawspeed/decoders/CMakeFiles/rawspeed_decoders.dir/IiqDecoder.cpp.o
[ 11%] Building CXX object lib/darktable/rawspeed/src/librawspeed/decoders/CMakeFiles/rawspeed_decoders.dir/KdcDecoder.cpp.o
[ 11%] Building CXX object lib/darktable/rawspeed/src/librawspeed/decoders/CMakeFiles/rawspeed_decoders.dir/MefDecoder.cpp.o
[ 11%] Building CXX object lib/darktable/rawspeed/src/librawspeed/decoders/CMakeFiles/rawspeed_decoders.dir/MosDecoder.cpp.o
[ 11%] Building CXX object lib/darktable/rawspeed/src/librawspeed/decoders/CMakeFiles/rawspeed_decoders.dir/MrwDecoder.cpp.o
[ 11%] Building CXX object lib/darktable/rawspeed/src/librawspeed/decoders/CMakeFiles/rawspeed_decoders.dir/NakedDecoder.cpp.o
[ 11%] Building CXX object lib/darktable/rawspeed/src/librawspeed/decoders/CMakeFiles/rawspeed_decoders.dir/NefDecoder.cpp.o
[ 11%] Building CXX object lib/darktable/rawspeed/src/librawspeed/decoders/CMakeFiles/rawspeed_decoders.dir/OrfDecoder.cpp.o
[ 11%] Building CXX object lib/darktable/rawspeed/src/librawspeed/decoders/CMakeFiles/rawspeed_decoders.dir/PefDecoder.cpp.o
[ 12%] Building CXX object lib/darktable/rawspeed/src/librawspeed/decoders/CMakeFiles/rawspeed_decoders.dir/RafDecoder.cpp.o
[ 12%] Building CXX object lib/darktable/rawspeed/src/librawspeed/decoders/CMakeFiles/rawspeed_decoders.dir/RawDecoder.cpp.o
[ 12%] Building CXX object lib/darktable/rawspeed/src/librawspeed/decoders/CMakeFiles/rawspeed_decoders.dir/RawDecoderException.cpp.o
[ 12%] Building CXX object lib/darktable/rawspeed/src/librawspeed/decoders/CMakeFiles/rawspeed_decoders.dir/Rw2Decoder.cpp.o
[ 12%] Building CXX object lib/darktable/rawspeed/src/librawspeed/decoders/CMakeFiles/rawspeed_decoders.dir/SimpleTiffDecoder.cpp.o
[ 12%] Building CXX object lib/darktable/rawspeed/src/librawspeed/decoders/CMakeFiles/rawspeed_decoders.dir/SrwDecoder.cpp.o
[ 12%] Building CXX object lib/darktable/rawspeed/src/librawspeed/decoders/CMakeFiles/rawspeed_decoders.dir/StiDecoder.cpp.o
[ 12%] Building CXX object lib/darktable/rawspeed/src/librawspeed/decoders/CMakeFiles/rawspeed_decoders.dir/ThreefrDecoder.cpp.o
[ 12%] Built target rawspeed_decoders
[ 12%] Checking validity of cameras.xml
/home/ubuntu/git/darktable/src/external/rawspeed/data/cameras.xml validates
[ 12%] Built target validate-cameras.xml
[ 12%] Built target rawspeed_adt
[ 12%] Built target rawspeed_codes
[ 12%] Building CXX object lib/darktable/rawspeed/src/librawspeed/common/CMakeFiles/rawspeed_common.dir/ChecksumFile.cpp.o
[ 12%] Building CXX object lib/darktable/rawspeed/src/librawspeed/common/CMakeFiles/rawspeed_common.dir/Common.cpp.o
[ 12%] Building CXX object lib/darktable/rawspeed/src/librawspeed/common/CMakeFiles/rawspeed_common.dir/CpuFeatures.cpp.o
[ 12%] Building CXX object lib/darktable/rawspeed/src/librawspeed/common/CMakeFiles/rawspeed_common.dir/DngOpcodes.cpp.o
[ 12%] Building CXX object lib/darktable/rawspeed/src/librawspeed/common/CMakeFiles/rawspeed_common.dir/ErrorLog.cpp.o
[ 12%] Building CXX object lib/darktable/rawspeed/src/librawspeed/common/CMakeFiles/rawspeed_common.dir/GetNumberOfProcessorCores.cpp.o
[ 12%] Building CXX object lib/darktable/rawspeed/src/librawspeed/common/CMakeFiles/rawspeed_common.dir/RawImage.cpp.o
[ 12%] Building CXX object lib/darktable/rawspeed/src/librawspeed/common/CMakeFiles/rawspeed_common.dir/RawImageDataFloat.cpp.o
[ 13%] Building CXX object lib/darktable/rawspeed/src/librawspeed/common/CMakeFiles/rawspeed_common.dir/RawImageDataU16.cpp.o
[ 13%] Building CXX object lib/darktable/rawspeed/src/librawspeed/common/CMakeFiles/rawspeed_common.dir/RawspeedException.cpp.o
[ 13%] Building CXX object lib/darktable/rawspeed/src/librawspeed/common/CMakeFiles/rawspeed_common.dir/TableLookUp.cpp.o
[ 13%] Built target rawspeed_common
[ 13%] Building CXX object lib/darktable/rawspeed/src/librawspeed/metadata/CMakeFiles/rawspeed_metadata.dir/Camera.cpp.o
[ 13%] Building CXX object lib/darktable/rawspeed/src/librawspeed/metadata/CMakeFiles/rawspeed_metadata.dir/CameraMetaData.cpp.o
[ 13%] Building CXX object lib/darktable/rawspeed/src/librawspeed/metadata/CMakeFiles/rawspeed_metadata.dir/CameraMetadataException.cpp.o
[ 13%] Building CXX object lib/darktable/rawspeed/src/librawspeed/metadata/CMakeFiles/rawspeed_metadata.dir/CameraSensorInfo.cpp.o
[ 13%] Building CXX object lib/darktable/rawspeed/src/librawspeed/metadata/CMakeFiles/rawspeed_metadata.dir/ColorFilterArray.cpp.o
[ 13%] Built target rawspeed_metadata
[ 13%] Building CXX object lib/darktable/rawspeed/src/librawspeed/io/CMakeFiles/rawspeed_io.dir/FileIOException.cpp.o
[ 14%] Building CXX object lib/darktable/rawspeed/src/librawspeed/io/CMakeFiles/rawspeed_io.dir/FileReader.cpp.o
[ 14%] Building CXX object lib/darktable/rawspeed/src/librawspeed/io/CMakeFiles/rawspeed_io.dir/FileWriter.cpp.o
[ 14%] Building CXX object lib/darktable/rawspeed/src/librawspeed/io/CMakeFiles/rawspeed_io.dir/IOException.cpp.o
[ 14%] Building CXX object lib/darktable/rawspeed/src/librawspeed/io/CMakeFiles/rawspeed_io.dir/MMapReader.cpp.o
[ 14%] Built target rawspeed_io
[ 14%] Building CXX object lib/darktable/rawspeed/src/librawspeed/tiff/CMakeFiles/rawspeed_tiff.dir/CiffEntry.cpp.o
[ 14%] Building CXX object lib/darktable/rawspeed/src/librawspeed/tiff/CMakeFiles/rawspeed_tiff.dir/CiffIFD.cpp.o
[ 14%] Building CXX object lib/darktable/rawspeed/src/librawspeed/tiff/CMakeFiles/rawspeed_tiff.dir/TiffEntry.cpp.o
[ 14%] Building CXX object lib/darktable/rawspeed/src/librawspeed/tiff/CMakeFiles/rawspeed_tiff.dir/TiffIFD.cpp.o
[ 14%] Built target rawspeed_tiff
[ 14%] Building CXX object lib/darktable/rawspeed/src/librawspeed/parsers/CMakeFiles/rawspeed_parsers.dir/CiffParser.cpp.o
[ 14%] Building CXX object lib/darktable/rawspeed/src/librawspeed/parsers/CMakeFiles/rawspeed_parsers.dir/CiffParserException.cpp.o
[ 15%] Building CXX object lib/darktable/rawspeed/src/librawspeed/parsers/CMakeFiles/rawspeed_parsers.dir/FiffParser.cpp.o
[ 15%] Building CXX object lib/darktable/rawspeed/src/librawspeed/parsers/CMakeFiles/rawspeed_parsers.dir/FiffParserException.cpp.o
[ 15%] Building CXX object lib/darktable/rawspeed/src/librawspeed/parsers/CMakeFiles/rawspeed_parsers.dir/RawParser.cpp.o
[ 15%] Building CXX object lib/darktable/rawspeed/src/librawspeed/parsers/CMakeFiles/rawspeed_parsers.dir/RawParserException.cpp.o
[ 15%] Building CXX object lib/darktable/rawspeed/src/librawspeed/parsers/CMakeFiles/rawspeed_parsers.dir/TiffParser.cpp.o
[ 15%] Building CXX object lib/darktable/rawspeed/src/librawspeed/parsers/CMakeFiles/rawspeed_parsers.dir/TiffParserException.cpp.o
[ 15%] Built target rawspeed_parsers
[ 15%] Building CXX object lib/darktable/rawspeed/src/librawspeed/decompressors/CMakeFiles/rawspeed_decompressors.dir/AbstractDngDecompressor.cpp.o
[ 15%] Building CXX object lib/darktable/rawspeed/src/librawspeed/decompressors/CMakeFiles/rawspeed_decompressors.dir/AbstractLJpegDecoder.cpp.o
[ 15%] Building CXX object lib/darktable/rawspeed/src/librawspeed/decompressors/CMakeFiles/rawspeed_decompressors.dir/Cr2Decompressor.cpp.o
[ 16%] Building CXX object lib/darktable/rawspeed/src/librawspeed/decompressors/CMakeFiles/rawspeed_decompressors.dir/Cr2LJpegDecoder.cpp.o
[ 16%] Building CXX object lib/darktable/rawspeed/src/librawspeed/decompressors/CMakeFiles/rawspeed_decompressors.dir/CrwDecompressor.cpp.o
[ 16%] Building CXX object lib/darktable/rawspeed/src/librawspeed/decompressors/CMakeFiles/rawspeed_decompressors.dir/DeflateDecompressor.cpp.o
[ 16%] Building CXX object lib/darktable/rawspeed/src/librawspeed/decompressors/CMakeFiles/rawspeed_decompressors.dir/FujiDecompressor.cpp.o
[ 16%] Building CXX object lib/darktable/rawspeed/src/librawspeed/decompressors/CMakeFiles/rawspeed_decompressors.dir/HasselbladDecompressor.cpp.o
[ 16%] Building CXX object lib/darktable/rawspeed/src/librawspeed/decompressors/CMakeFiles/rawspeed_decompressors.dir/HasselbladLJpegDecoder.cpp.o
[ 16%] Building CXX object lib/darktable/rawspeed/src/librawspeed/decompressors/CMakeFiles/rawspeed_decompressors.dir/JpegDecompressor.cpp.o
[ 16%] Building CXX object lib/darktable/rawspeed/src/librawspeed/decompressors/CMakeFiles/rawspeed_decompressors.dir/KodakDecompressor.cpp.o
[ 16%] Building CXX object lib/darktable/rawspeed/src/librawspeed/decompressors/CMakeFiles/rawspeed_decompressors.dir/LJpegDecoder.cpp.o
[ 16%] Building CXX object lib/darktable/rawspeed/src/librawspeed/decompressors/CMakeFiles/rawspeed_decompressors.dir/LJpegDecompressor.cpp.o
[ 17%] Building CXX object lib/darktable/rawspeed/src/librawspeed/decompressors/CMakeFiles/rawspeed_decompressors.dir/NikonDecompressor.cpp.o
[ 17%] Building CXX object lib/darktable/rawspeed/src/librawspeed/decompressors/CMakeFiles/rawspeed_decompressors.dir/OlympusDecompressor.cpp.o
[ 17%] Building CXX object lib/darktable/rawspeed/src/librawspeed/decompressors/CMakeFiles/rawspeed_decompressors.dir/PanasonicV4Decompressor.cpp.o
[ 17%] Building CXX object lib/darktable/rawspeed/src/librawspeed/decompressors/CMakeFiles/rawspeed_decompressors.dir/PanasonicV5Decompressor.cpp.o
[ 17%] Building CXX object lib/darktable/rawspeed/src/librawspeed/decompressors/CMakeFiles/rawspeed_decompressors.dir/PanasonicV6Decompressor.cpp.o
[ 17%] Building CXX object lib/darktable/rawspeed/src/librawspeed/decompressors/CMakeFiles/rawspeed_decompressors.dir/PanasonicV7Decompressor.cpp.o
[ 17%] Building CXX object lib/darktable/rawspeed/src/librawspeed/decompressors/CMakeFiles/rawspeed_decompressors.dir/PanasonicV8Decompressor.cpp.o
[ 17%] Building CXX object lib/darktable/rawspeed/src/librawspeed/decompressors/CMakeFiles/rawspeed_decompressors.dir/PentaxDecompressor.cpp.o
[ 17%] Building CXX object lib/darktable/rawspeed/src/librawspeed/decompressors/CMakeFiles/rawspeed_decompressors.dir/PhaseOneDecompressor.cpp.o
[ 17%] Building CXX object lib/darktable/rawspeed/src/librawspeed/decompressors/CMakeFiles/rawspeed_decompressors.dir/SamsungV0Decompressor.cpp.o
[ 18%] Building CXX object lib/darktable/rawspeed/src/librawspeed/decompressors/CMakeFiles/rawspeed_decompressors.dir/SamsungV1Decompressor.cpp.o
[ 18%] Building CXX object lib/darktable/rawspeed/src/librawspeed/decompressors/CMakeFiles/rawspeed_decompressors.dir/SamsungV2Decompressor.cpp.o
[ 18%] Building CXX object lib/darktable/rawspeed/src/librawspeed/decompressors/CMakeFiles/rawspeed_decompressors.dir/SonyArw1Decompressor.cpp.o
[ 18%] Building CXX object lib/darktable/rawspeed/src/librawspeed/decompressors/CMakeFiles/rawspeed_decompressors.dir/SonyArw2Decompressor.cpp.o
[ 18%] Building CXX object lib/darktable/rawspeed/src/librawspeed/decompressors/CMakeFiles/rawspeed_decompressors.dir/UncompressedDecompressor.cpp.o
[ 18%] Building CXX object lib/darktable/rawspeed/src/librawspeed/decompressors/CMakeFiles/rawspeed_decompressors.dir/VC5Decompressor.cpp.o
[ 18%] Built target rawspeed_decompressors
[ 18%] Building CXX object lib/darktable/rawspeed/src/librawspeed/interpolators/CMakeFiles/rawspeed_interpolators.dir/Cr2sRawInterpolator.cpp.o
[ 18%] Built target rawspeed_interpolators
[ 18%] Linking CXX static library librawspeed.a
[ 18%] Built target rawspeed
[ 18%] Building CXX object bin/CMakeFiles/lib_darktable_imageio_rawspeed.dir/imageio/imageio_rawspeed.cc.o
[ 18%] Linking CXX static library liblib_darktable_imageio_rawspeed.a
[ 18%] Built target lib_darktable_imageio_rawspeed
[ 18%] Generating authors.h for about dialog.
[ 18%] Built target generate_authors_h
[ 18%] Building C object bin/external/CMakeFiles/whereami.dir/whereami/src/whereami.c.o
[ 18%] Linking C static library libwhereami.a
[ 18%] Built target whereami
[ 19%] Building C object bin/ai/CMakeFiles/darktable_ai.dir/backend_common.c.o
[ 19%] Building C object bin/ai/CMakeFiles/darktable_ai.dir/backend_onnx.c.o
[ 19%] Linking C static library libdarktable_ai.a
[ 19%] Built target darktable_ai
[ 19%] Building C object bin/external/LuaAutoC/CMakeFiles/lautoc.dir/lautoc.c.o
[ 19%] Linking C static library liblautoc.a
[ 19%] Built target lautoc
[ 19%] Building C object bin/CMakeFiles/lib_darktable.dir/version_gen.c.o
[ 19%] Building C object bin/CMakeFiles/lib_darktable.dir/bauhaus/bauhaus.c.o
[ 19%] Building C object bin/CMakeFiles/lib_darktable.dir/common/act_on.c.o
[ 19%] Building C object bin/CMakeFiles/lib_darktable.dir/common/atomic.c.o
[ 20%] Building C object bin/CMakeFiles/lib_darktable.dir/common/bilateral.c.o
[ 20%] Building C object bin/CMakeFiles/lib_darktable.dir/common/bilateralcl.c.o
[ 20%] Building CXX object bin/CMakeFiles/lib_darktable.dir/common/box_filters.cc.o
[ 20%] Building C object bin/CMakeFiles/lib_darktable.dir/common/cache.c.o
[ 20%] Building C object bin/CMakeFiles/lib_darktable.dir/common/calculator.c.o
[ 20%] Building C object bin/CMakeFiles/lib_darktable.dir/common/collection.c.o
[ 20%] Building C object bin/CMakeFiles/lib_darktable.dir/common/color_harmony.c.o
[ 20%] Building C object bin/CMakeFiles/lib_darktable.dir/common/color_picker.c.o
[ 20%] Building C object bin/CMakeFiles/lib_darktable.dir/common/color_vocabulary.c.o
[ 20%] Building C object bin/CMakeFiles/lib_darktable.dir/common/colorlabels.c.o
[ 20%] Building C object bin/CMakeFiles/lib_darktable.dir/common/colorspaces.c.o
[ 21%] Building C object bin/CMakeFiles/lib_darktable.dir/common/curl_tools.c.o
[ 21%] Building C object bin/CMakeFiles/lib_darktable.dir/common/curve_tools.c.o
[ 21%] Building C object bin/CMakeFiles/lib_darktable.dir/common/custom_primaries.c.o
[ 21%] Building C object bin/CMakeFiles/lib_darktable.dir/common/darktable.c.o
[ 21%] Building C object bin/CMakeFiles/lib_darktable.dir/common/database.c.o
[ 21%] Building C object bin/CMakeFiles/lib_darktable.dir/common/datetime.c.o
[ 21%] Building C object bin/CMakeFiles/lib_darktable.dir/common/dbus.c.o
[ 21%] Building CXX object bin/CMakeFiles/lib_darktable.dir/common/densecrf.cc.o
[ 21%] Building C object bin/CMakeFiles/lib_darktable.dir/common/distance_transform.c.o
[ 21%] Building C object bin/CMakeFiles/lib_darktable.dir/common/dlopencl.c.o
[ 22%] Building C object bin/CMakeFiles/lib_darktable.dir/common/dng_opcode.c.o
[ 22%] Building C object bin/CMakeFiles/lib_darktable.dir/common/dtpthread.c.o
[ 22%] Building C object bin/CMakeFiles/lib_darktable.dir/common/dwt.c.o
[ 22%] Building C object bin/CMakeFiles/lib_darktable.dir/common/dynload.c.o
[ 22%] Building C object bin/CMakeFiles/lib_darktable.dir/common/eaw.c.o
[ 22%] Building CXX object bin/CMakeFiles/lib_darktable.dir/common/exif.cc.o
[ 22%] Building C object bin/CMakeFiles/lib_darktable.dir/common/file_location.c.o
[ 22%] Building C object bin/CMakeFiles/lib_darktable.dir/common/film.c.o
[ 22%] Building C object bin/CMakeFiles/lib_darktable.dir/common/gaussian.c.o
[ 22%] Building C object bin/CMakeFiles/lib_darktable.dir/common/gimp.c.o
[ 23%] Building C object bin/CMakeFiles/lib_darktable.dir/common/gpx.c.o
[ 23%] Building C object bin/CMakeFiles/lib_darktable.dir/common/grouping.c.o
[ 23%] Building C object bin/CMakeFiles/lib_darktable.dir/common/guided_filter.c.o
[ 23%] Building C object bin/CMakeFiles/lib_darktable.dir/common/heal.c.o
[ 23%] Building C object bin/CMakeFiles/lib_darktable.dir/common/histogram.c.o
[ 23%] Building C object bin/CMakeFiles/lib_darktable.dir/common/history.c.o
[ 23%] Building C object bin/CMakeFiles/lib_darktable.dir/common/history_snapshot.c.o
[ 23%] Building C object bin/CMakeFiles/lib_darktable.dir/common/image.c.o
[ 23%] Building C object bin/CMakeFiles/lib_darktable.dir/common/image_cache.c.o
[ 23%] Building C object bin/CMakeFiles/lib_darktable.dir/common/imagebuf.c.o
[ 24%] Building C object bin/CMakeFiles/lib_darktable.dir/common/import_session.c.o
[ 24%] Building C object bin/CMakeFiles/lib_darktable.dir/common/interpolation.c.o
[ 24%] Building C object bin/CMakeFiles/lib_darktable.dir/common/iop_group.c.o
[ 24%] Building C object bin/CMakeFiles/lib_darktable.dir/common/iop_order.c.o
[ 24%] Building C object bin/CMakeFiles/lib_darktable.dir/common/iop_profile.c.o
[ 24%] Building C object bin/CMakeFiles/lib_darktable.dir/common/l10n.c.o
[ 24%] Building C object bin/CMakeFiles/lib_darktable.dir/common/locallaplacian.c.o
[ 24%] Building C object bin/CMakeFiles/lib_darktable.dir/common/locallaplaciancl.c.o
[ 24%] Building C object bin/CMakeFiles/lib_darktable.dir/common/map_locations.c.o
[ 24%] Building C object bin/CMakeFiles/lib_darktable.dir/common/matrices.c.o
[ 24%] Building C object bin/CMakeFiles/lib_darktable.dir/common/metadata.c.o
[ 25%] Building C object bin/CMakeFiles/lib_darktable.dir/common/metadata_export.c.o
[ 25%] Building C object bin/CMakeFiles/lib_darktable.dir/common/mipmap_cache.c.o
[ 25%] Building C object bin/CMakeFiles/lib_darktable.dir/common/module.c.o
[ 25%] Building C object bin/CMakeFiles/lib_darktable.dir/common/nlmeans_core.c.o
[ 25%] Building C object bin/CMakeFiles/lib_darktable.dir/common/noiseprofiles.c.o
[ 25%] Building C object bin/CMakeFiles/lib_darktable.dir/common/opencl.c.o
[ 25%] Building C object bin/CMakeFiles/lib_darktable.dir/common/overlay.c.o
[ 25%] Building C object bin/CMakeFiles/lib_darktable.dir/common/pdf.c.o
[ 25%] Building C object bin/CMakeFiles/lib_darktable.dir/common/pfm.c.o
[ 25%] Building C object bin/CMakeFiles/lib_darktable.dir/common/presets.c.o
[ 26%] Building C object bin/CMakeFiles/lib_darktable.dir/common/pwstorage/backend_kwallet.c.o
[ 26%] Building C object bin/CMakeFiles/lib_darktable.dir/common/pwstorage/pwstorage.c.o
[ 26%] Building C object bin/CMakeFiles/lib_darktable.dir/common/ras2vect.c.o
[ 26%] Building C object bin/CMakeFiles/lib_darktable.dir/common/ratings.c.o
[ 26%] Building C object bin/CMakeFiles/lib_darktable.dir/common/resource_limits.c.o
[ 26%] Building C object bin/CMakeFiles/lib_darktable.dir/common/selection.c.o
[ 26%] Building CXX object bin/CMakeFiles/lib_darktable.dir/common/splines.cpp.o
[ 26%] Building C object bin/CMakeFiles/lib_darktable.dir/common/styles.c.o
[ 26%] Building C object bin/CMakeFiles/lib_darktable.dir/common/system_signal_handling.c.o
[ 26%] Building C object bin/CMakeFiles/lib_darktable.dir/common/tags.c.o
[ 27%] Building C object bin/CMakeFiles/lib_darktable.dir/common/undo.c.o
[ 27%] Building C object bin/CMakeFiles/lib_darktable.dir/common/usermanual_url.c.o
[ 27%] Building C object bin/CMakeFiles/lib_darktable.dir/common/utility.c.o
[ 27%] Building C object bin/CMakeFiles/lib_darktable.dir/common/variables.c.o
[ 27%] Building C object bin/CMakeFiles/lib_darktable.dir/common/wb_presets.c.o
[ 27%] Building C object bin/CMakeFiles/lib_darktable.dir/control/conf.c.o
[ 27%] Building C object bin/CMakeFiles/lib_darktable.dir/control/control.c.o
[ 27%] Building C object bin/CMakeFiles/lib_darktable.dir/control/crawler.c.o
[ 27%] Building C object bin/CMakeFiles/lib_darktable.dir/control/jobs.c.o
[ 27%] Building C object bin/CMakeFiles/lib_darktable.dir/control/jobs/control_jobs.c.o
[ 28%] Building C object bin/CMakeFiles/lib_darktable.dir/control/jobs/develop_jobs.c.o
[ 28%] Building C object bin/CMakeFiles/lib_darktable.dir/control/jobs/film_jobs.c.o
[ 28%] Building C object bin/CMakeFiles/lib_darktable.dir/control/jobs/image_jobs.c.o
[ 28%] Building C object bin/CMakeFiles/lib_darktable.dir/control/jobs/sidecar_jobs.c.o
[ 28%] Building C object bin/CMakeFiles/lib_darktable.dir/control/progress.c.o
[ 28%] Building C object bin/CMakeFiles/lib_darktable.dir/control/signal.c.o
[ 28%] Building C object bin/CMakeFiles/lib_darktable.dir/develop/blend.c.o
[ 28%] Building C object bin/CMakeFiles/lib_darktable.dir/develop/blend_gui.c.o
[ 28%] Building C object bin/CMakeFiles/lib_darktable.dir/develop/blends/blendif_lab.c.o
[ 28%] Building C object bin/CMakeFiles/lib_darktable.dir/develop/blends/blendif_raw.c.o
[ 28%] Building C object bin/CMakeFiles/lib_darktable.dir/develop/blends/blendif_rgb_hsl.c.o
[ 29%] Building C object bin/CMakeFiles/lib_darktable.dir/develop/blends/blendif_rgb_jzczhz.c.o
[ 29%] Building C object bin/CMakeFiles/lib_darktable.dir/develop/borders_helper.c.o
[ 29%] Building C object bin/CMakeFiles/lib_darktable.dir/develop/develop.c.o
[ 29%] Building C object bin/CMakeFiles/lib_darktable.dir/develop/format.c.o
[ 29%] Building C object bin/CMakeFiles/lib_darktable.dir/develop/imageop.c.o
[ 29%] Building C object bin/CMakeFiles/lib_darktable.dir/develop/imageop_gui.c.o
[ 29%] Building C object bin/CMakeFiles/lib_darktable.dir/develop/imageop_math.c.o
[ 29%] Building C object bin/CMakeFiles/lib_darktable.dir/develop/lightroom.c.o
[ 29%] Building C object bin/CMakeFiles/lib_darktable.dir/develop/masks/brush.c.o
[ 29%] Building C object bin/CMakeFiles/lib_darktable.dir/develop/masks/circle.c.o
[ 30%] Building C object bin/CMakeFiles/lib_darktable.dir/develop/masks/ellipse.c.o
[ 30%] Building C object bin/CMakeFiles/lib_darktable.dir/develop/masks/gradient.c.o
[ 30%] Building C object bin/CMakeFiles/lib_darktable.dir/develop/masks/group.c.o
[ 30%] Building C object bin/CMakeFiles/lib_darktable.dir/develop/masks/masks.c.o
[ 30%] Building C object bin/CMakeFiles/lib_darktable.dir/develop/masks/path.c.o
[ 30%] Building C object bin/CMakeFiles/lib_darktable.dir/develop/pixelpipe.c.o
[ 30%] Building C object bin/CMakeFiles/lib_darktable.dir/develop/tiling.c.o
[ 30%] Building C object bin/CMakeFiles/lib_darktable.dir/dtgtk/button.c.o
[ 30%] Building C object bin/CMakeFiles/lib_darktable.dir/dtgtk/culling.c.o
[ 30%] Building C object bin/CMakeFiles/lib_darktable.dir/dtgtk/drawingarea.c.o
[ 31%] Building C object bin/CMakeFiles/lib_darktable.dir/dtgtk/expander.c.o
[ 31%] Building C object bin/CMakeFiles/lib_darktable.dir/dtgtk/gradientslider.c.o
[ 31%] Building C object bin/CMakeFiles/lib_darktable.dir/dtgtk/icon.c.o
[ 31%] Building C object bin/CMakeFiles/lib_darktable.dir/dtgtk/paint.c.o
[ 31%] Building C object bin/CMakeFiles/lib_darktable.dir/dtgtk/paint_cell.c.o
[ 31%] Building C object bin/CMakeFiles/lib_darktable.dir/dtgtk/range.c.o
[ 31%] Building C object bin/CMakeFiles/lib_darktable.dir/dtgtk/resetlabel.c.o
[ 31%] Building C object bin/CMakeFiles/lib_darktable.dir/dtgtk/sidepanel.c.o
[ 31%] Building C object bin/CMakeFiles/lib_darktable.dir/dtgtk/stylemenu.c.o
[ 31%] Building C object bin/CMakeFiles/lib_darktable.dir/dtgtk/thumbnail.c.o
[ 32%] Building C object bin/CMakeFiles/lib_darktable.dir/dtgtk/thumbnail_btn.c.o
[ 32%] Building C object bin/CMakeFiles/lib_darktable.dir/dtgtk/thumbtable.c.o
[ 32%] Building C object bin/CMakeFiles/lib_darktable.dir/dtgtk/togglebutton.c.o
[ 32%] Building C object bin/CMakeFiles/lib_darktable.dir/gui/about.c.o
[ 32%] Building C object bin/CMakeFiles/lib_darktable.dir/gui/accelerators.c.o
[ 32%] Building C object bin/CMakeFiles/lib_darktable.dir/gui/color_picker_proxy.c.o
[ 32%] Building C object bin/CMakeFiles/lib_darktable.dir/gui/gtk.c.o
[ 32%] Building C object bin/CMakeFiles/lib_darktable.dir/gui/gtkentry.c.o
[ 32%] Building C object bin/CMakeFiles/lib_darktable.dir/gui/guides.c.o
[ 32%] Building C object bin/CMakeFiles/lib_darktable.dir/gui/hist_dialog.c.o
[ 32%] Building C object bin/CMakeFiles/lib_darktable.dir/gui/import_metadata.c.o
[ 33%] Building C object bin/CMakeFiles/lib_darktable.dir/gui/metadata_tags.c.o
[ 33%] Building C object bin/CMakeFiles/lib_darktable.dir/gui/preferences.c.o
[ 33%] Building C object bin/CMakeFiles/lib_darktable.dir/gui/presets.c.o
[ 33%] Building C object bin/CMakeFiles/lib_darktable.dir/gui/splash.c.o
[ 33%] Building C object bin/CMakeFiles/lib_darktable.dir/gui/styles_dialog.c.o
[ 33%] Building C object bin/CMakeFiles/lib_darktable.dir/gui/welcome.c.o
[ 33%] Building C object bin/CMakeFiles/lib_darktable.dir/gui/workspace.c.o
[ 33%] Building C object bin/CMakeFiles/lib_darktable.dir/imageio/imageio.c.o
[ 33%] Building C object bin/CMakeFiles/lib_darktable.dir/imageio/imageio_dng.c.o
[ 33%] Building C object bin/CMakeFiles/lib_darktable.dir/imageio/imageio_jpeg.c.o
[ 34%] Building C object bin/CMakeFiles/lib_darktable.dir/imageio/imageio_module.c.o
[ 34%] Building C object bin/CMakeFiles/lib_darktable.dir/imageio/imageio_pfm.c.o
[ 34%] Building C object bin/CMakeFiles/lib_darktable.dir/imageio/imageio_png.c.o
[ 34%] Building C object bin/CMakeFiles/lib_darktable.dir/imageio/imageio_pnm.c.o
[ 34%] Building C object bin/CMakeFiles/lib_darktable.dir/imageio/imageio_qoi.c.o
[ 34%] Building C object bin/CMakeFiles/lib_darktable.dir/imageio/imageio_rgbe.c.o
[ 34%] Building C object bin/CMakeFiles/lib_darktable.dir/imageio/imageio_tiff.c.o
[ 34%] Building C object bin/CMakeFiles/lib_darktable.dir/libs/lib.c.o
[ 34%] Building C object bin/CMakeFiles/lib_darktable.dir/views/view.c.o
[ 34%] Building C object bin/CMakeFiles/lib_darktable.dir/common/camera_control.c.o
[ 35%] Building C object bin/CMakeFiles/lib_darktable.dir/control/jobs/camera_jobs.c.o
[ 35%] Building CXX object bin/CMakeFiles/lib_darktable.dir/imageio/imageio_exr.cc.o
[ 35%] Building C object bin/CMakeFiles/lib_darktable.dir/imageio/imageio_jpegxl.c.o
[ 35%] Building C object bin/CMakeFiles/lib_darktable.dir/imageio/imageio_webp.c.o
[ 35%] Building C object bin/CMakeFiles/lib_darktable.dir/imageio/imageio_avif.c.o
[ 35%] Building C object bin/CMakeFiles/lib_darktable.dir/imageio/imageio_heif.c.o
[ 35%] Building C object bin/CMakeFiles/lib_darktable.dir/imageio/imageio_libraw.c.o
[ 35%] Building C object bin/CMakeFiles/lib_darktable.dir/common/ai/restore.c.o
[ 35%] Building C object bin/CMakeFiles/lib_darktable.dir/common/ai/restore_raw_bayer.c.o
[ 35%] Building C object bin/CMakeFiles/lib_darktable.dir/common/ai/restore_raw_linear.c.o
[ 36%] Building C object bin/CMakeFiles/lib_darktable.dir/common/ai/restore_rgb.c.o
[ 36%] Building C object bin/CMakeFiles/lib_darktable.dir/common/ai/segmentation.c.o
[ 36%] Building C object bin/CMakeFiles/lib_darktable.dir/common/ai_models.c.o
[ 36%] Building C object bin/CMakeFiles/lib_darktable.dir/develop/masks/object.c.o
[ 36%] Building C object bin/CMakeFiles/lib_darktable.dir/gui/preferences_ai.c.o
[ 36%] Building C object bin/CMakeFiles/lib_darktable.dir/imageio/imageio_j2k.c.o
[ 36%] Building C object bin/CMakeFiles/lib_darktable.dir/common/pwstorage/backend_libsecret.c.o
[ 36%] Building C object bin/CMakeFiles/lib_darktable.dir/imageio/imageio_gm.c.o
[ 36%] Building C object bin/CMakeFiles/lib_darktable.dir/common/sqliteicu.c.o
[ 36%] Building C object bin/CMakeFiles/lib_darktable.dir/lua/ai.c.o
[ 36%] Building C object bin/CMakeFiles/lib_darktable.dir/lua/cairo.c.o
[ 37%] Building C object bin/CMakeFiles/lib_darktable.dir/lua/call.c.o
[ 37%] Building C object bin/CMakeFiles/lib_darktable.dir/lua/configuration.c.o
[ 37%] Building C object bin/CMakeFiles/lib_darktable.dir/lua/database.c.o
[ 37%] Building C object bin/CMakeFiles/lib_darktable.dir/lua/events.c.o
[ 37%] Building C object bin/CMakeFiles/lib_darktable.dir/lua/film.c.o
[ 37%] Building C object bin/CMakeFiles/lib_darktable.dir/lua/format.c.o
[ 37%] Building C object bin/CMakeFiles/lib_darktable.dir/lua/gettext.c.o
[ 37%] Building C object bin/CMakeFiles/lib_darktable.dir/lua/glist.c.o
[ 37%] Building C object bin/CMakeFiles/lib_darktable.dir/lua/gui.c.o
[ 37%] Building C object bin/CMakeFiles/lib_darktable.dir/lua/guides.c.o
[ 38%] Building C object bin/CMakeFiles/lib_darktable.dir/lua/image.c.o
[ 38%] Building C object bin/CMakeFiles/lib_darktable.dir/lua/init.c.o
[ 38%] Building C object bin/CMakeFiles/lib_darktable.dir/lua/lib.c.o
[ 38%] Building C object bin/CMakeFiles/lib_darktable.dir/lua/lua.c.o
[ 38%] Building C object bin/CMakeFiles/lib_darktable.dir/lua/lualib.c.o
[ 38%] Building C object bin/CMakeFiles/lib_darktable.dir/lua/luastorage.c.o
[ 38%] Building C object bin/CMakeFiles/lib_darktable.dir/lua/metadata.c.o
[ 38%] Building C object bin/CMakeFiles/lib_darktable.dir/lua/modules.c.o
[ 38%] Building C object bin/CMakeFiles/lib_darktable.dir/lua/password.c.o
[ 38%] Building C object bin/CMakeFiles/lib_darktable.dir/lua/preferences.c.o
[ 39%] Building C object bin/CMakeFiles/lib_darktable.dir/lua/print.c.o
[ 39%] Building C object bin/CMakeFiles/lib_darktable.dir/lua/storage.c.o
[ 39%] Building C object bin/CMakeFiles/lib_darktable.dir/lua/styles.c.o
[ 39%] Building C object bin/CMakeFiles/lib_darktable.dir/lua/tags.c.o
[ 39%] Building C object bin/CMakeFiles/lib_darktable.dir/lua/types.c.o
[ 39%] Building C object bin/CMakeFiles/lib_darktable.dir/lua/util.c.o
[ 39%] Building C object bin/CMakeFiles/lib_darktable.dir/lua/view.c.o
[ 39%] Building C object bin/CMakeFiles/lib_darktable.dir/lua/widget/box.c.o
[ 39%] Building C object bin/CMakeFiles/lib_darktable.dir/lua/widget/button.c.o
[ 39%] Building C object bin/CMakeFiles/lib_darktable.dir/lua/widget/check_button.c.o
[ 40%] Building C object bin/CMakeFiles/lib_darktable.dir/lua/widget/combobox.c.o
[ 40%] Building C object bin/CMakeFiles/lib_darktable.dir/lua/widget/container.c.o
[ 40%] Building C object bin/CMakeFiles/lib_darktable.dir/lua/widget/entry.c.o
[ 40%] Building C object bin/CMakeFiles/lib_darktable.dir/lua/widget/file_chooser.c.o
[ 40%] Building C object bin/CMakeFiles/lib_darktable.dir/lua/widget/label.c.o
[ 40%] Building C object bin/CMakeFiles/lib_darktable.dir/lua/widget/section_label.c.o
[ 40%] Building C object bin/CMakeFiles/lib_darktable.dir/lua/widget/separator.c.o
[ 40%] Building C object bin/CMakeFiles/lib_darktable.dir/lua/widget/slider.c.o
[ 40%] Building C object bin/CMakeFiles/lib_darktable.dir/lua/widget/stack.c.o
[ 40%] Building C object bin/CMakeFiles/lib_darktable.dir/lua/widget/text_view.c.o
[ 40%] Building C object bin/CMakeFiles/lib_darktable.dir/lua/widget/widget.c.o
[ 41%] Building C object bin/CMakeFiles/lib_darktable.dir/common/cups_print.c.o
[ 41%] Building C object bin/CMakeFiles/lib_darktable.dir/common/printing.c.o
[ 41%] Building C object bin/CMakeFiles/lib_darktable.dir/common/printprof.c.o
[ 41%] Linking C shared library libdarktable.so
[ 41%] Built target lib_darktable
[ 41%] Building C object bin/CMakeFiles/darktable.dir/main.c.o
[ 41%] Linking C executable darktable
[ 41%] Built target darktable
[ 41%] Built target deploy
[ 41%] Building C object bin/external/libxcf/CMakeFiles/xcf.dir/xcf.c.o
[ 41%] Building C object bin/external/libxcf/CMakeFiles/xcf.dir/xcf_names.c.o
[ 41%] Linking C static library libxcf.a
[ 41%] Built target xcf
[ 41%] Built target check-rawspeed
[ 41%] Built target dependencies
[ 41%] Built target tests
[ 41%] Building CXX object lib/darktable/rawspeed/src/librawspeed/common/CMakeFiles/rawspeed_get_number_of_processor_cores.dir/GetNumberOfProcessorCores.cpp.o
[ 41%] Linking CXX static library librawspeed_get_number_of_processor_cores.a
[ 41%] Built target rawspeed_get_number_of_processor_cores
[ 41%] Building CXX object lib/darktable/rawspeed/src/utilities/identify/CMakeFiles/darktable-rs-identify.dir/rawspeed-identify.cpp.o
[ 41%] Linking CXX executable darktable-rs-identify
[ 41%] Built target darktable-rs-identify
[ 41%] Building C object lib/darktable/views/CMakeFiles/darkroom.dir/darkroom.c.o
[ 41%] Linking C shared module libdarkroom.so
[ 41%] Built target darkroom
[ 41%] Building C object lib/darktable/views/CMakeFiles/lighttable.dir/lighttable.c.o
[ 41%] Linking C shared module liblighttable.so
[ 41%] Built target lighttable
[ 41%] Building C object lib/darktable/views/CMakeFiles/slideshow.dir/slideshow.c.o
[ 41%] Linking C shared module libslideshow.so
[ 41%] Built target slideshow
[ 41%] Building C object lib/darktable/views/CMakeFiles/map.dir/map.c.o
[ 41%] Linking C shared module libmap.so
[ 41%] Built target map
[ 41%] Building C object lib/darktable/views/CMakeFiles/tethering.dir/tethering.c.o
[ 41%] Linking C shared module libtethering.so
[ 41%] Built target tethering
[ 41%] Building C object lib/darktable/views/CMakeFiles/print.dir/print.c.o
[ 41%] Linking C shared module libprint.so
[ 41%] Built target print
[ 41%] Building C object lib/darktable/plugins/lighttable/CMakeFiles/import.dir/import.c.o
[ 41%] Linking C shared module libimport.so
[ 41%] Built target import
[ 41%] Building C object lib/darktable/plugins/lighttable/CMakeFiles/export.dir/export.c.o
[ 41%] Building C object lib/darktable/plugins/lighttable/CMakeFiles/export.dir/export_metadata.c.o
[ 41%] Linking C shared module libexport.so
[ 41%] Built target export
[ 41%] Building C object lib/darktable/plugins/lighttable/CMakeFiles/copy_history.dir/copy_history.c.o
[ 42%] Linking C shared module libcopy_history.so
[ 42%] Built target copy_history
[ 42%] Building C object lib/darktable/plugins/lighttable/CMakeFiles/styles.dir/styles.c.o
[ 42%] Linking C shared module libstyles.so
[ 42%] Built target styles
[ 42%] Building C object lib/darktable/plugins/lighttable/CMakeFiles/image.dir/image.c.o
[ 42%] Linking C shared module libimage.so
[ 42%] Built target image
[ 43%] Building C object lib/darktable/plugins/lighttable/CMakeFiles/tagging.dir/tagging.c.o
[ 43%] Linking C shared module libtagging.so
[ 43%] Built target tagging
[ 43%] Building C object lib/darktable/plugins/lighttable/CMakeFiles/select.dir/select.c.o
[ 43%] Linking C shared module libselect.so
[ 43%] Built target select
[ 44%] Building C object lib/darktable/plugins/lighttable/CMakeFiles/collect.dir/collect.c.o
[ 44%] Linking C shared module libcollect.so
[ 44%] Built target collect
[ 45%] Building C object lib/darktable/plugins/lighttable/CMakeFiles/recentcollect.dir/recentcollect.c.o
[ 45%] Linking C shared module librecentcollect.so
[ 45%] Built target recentcollect
[ 45%] Building C object lib/darktable/plugins/lighttable/CMakeFiles/filtering.dir/filtering.c.o
[ 45%] Linking C shared module libfiltering.so
[ 45%] Built target filtering
[ 45%] Building C object lib/darktable/plugins/lighttable/CMakeFiles/metadata.dir/metadata.c.o
[ 45%] Linking C shared module libmetadata.so
[ 45%] Built target metadata
[ 45%] Building C object lib/darktable/plugins/lighttable/CMakeFiles/metadata_view.dir/metadata_view.c.o
[ 45%] Linking C shared module libmetadata_view.so
[ 45%] Built target metadata_view
[ 45%] Building C object lib/darktable/plugins/lighttable/CMakeFiles/navigation.dir/navigation.c.o
[ 45%] Linking C shared module libnavigation.so
[ 45%] Built target navigation
[ 45%] Building C object lib/darktable/plugins/lighttable/CMakeFiles/histogram.dir/histogram.c.o
[ 45%] Building C object lib/darktable/plugins/lighttable/CMakeFiles/histogram.dir/scopes/histogram.c.o
[ 46%] Building C object lib/darktable/plugins/lighttable/CMakeFiles/histogram.dir/scopes/waveform.c.o
[ 46%] Building C object lib/darktable/plugins/lighttable/CMakeFiles/histogram.dir/scopes/vectorscope.c.o
[ 46%] Building C object lib/darktable/plugins/lighttable/CMakeFiles/histogram.dir/scopes/split.c.o
[ 46%] Linking C shared module libhistogram.so
[ 46%] Built target histogram
[ 46%] Building C object lib/darktable/plugins/lighttable/CMakeFiles/history.dir/history.c.o
[ 46%] Linking C shared module libhistory.so
[ 46%] Built target history
[ 46%] Building C object lib/darktable/plugins/lighttable/CMakeFiles/snapshots.dir/snapshots.c.o
[ 46%] Linking C shared module libsnapshots.so
[ 46%] Built target snapshots
[ 46%] Building C object lib/darktable/plugins/lighttable/CMakeFiles/modulegroups.dir/modulegroups.c.o
[ 46%] Linking C shared module libmodulegroups.so
[ 46%] Built target modulegroups
[ 46%] Building C object lib/darktable/plugins/lighttable/CMakeFiles/backgroundjobs.dir/backgroundjobs.c.o
[ 46%] Linking C shared module libbackgroundjobs.so
[ 46%] Built target backgroundjobs
[ 46%] Building C object lib/darktable/plugins/lighttable/CMakeFiles/colorpicker.dir/colorpicker.c.o
[ 46%] Linking C shared module libcolorpicker.so
[ 46%] Built target colorpicker
[ 46%] Building C object lib/darktable/plugins/lighttable/CMakeFiles/masks.dir/masks.c.o
[ 46%] Linking C shared module libmasks.so
[ 46%] Built target masks
[ 46%] Building C object lib/darktable/plugins/lighttable/CMakeFiles/session.dir/session.c.o
[ 46%] Linking C shared module libsession.so
[ 46%] Built target session
[ 46%] Building C object lib/darktable/plugins/lighttable/CMakeFiles/duplicate.dir/duplicate.c.o
[ 46%] Linking C shared module libduplicate.so
[ 46%] Built target duplicate
[ 46%] Building C object lib/darktable/plugins/lighttable/CMakeFiles/ioporder.dir/ioporder.c.o
[ 46%] Linking C shared module libioporder.so
[ 46%] Built target ioporder
[ 46%] Building C object lib/darktable/plugins/lighttable/CMakeFiles/viewswitcher.dir/tools/viewswitcher.c.o
[ 46%] Linking C shared module libviewswitcher.so
[ 46%] Built target viewswitcher
[ 46%] Building C object lib/darktable/plugins/lighttable/CMakeFiles/darktable_label.dir/tools/darktable.c.o
[ 46%] Linking C shared module libdarktable_label.so
[ 46%] Built target darktable_label
[ 46%] Building C object lib/darktable/plugins/lighttable/CMakeFiles/colorlabels.dir/tools/colorlabels.c.o
[ 46%] Linking C shared module libcolorlabels.so
[ 46%] Built target colorlabels
[ 46%] Building C object lib/darktable/plugins/lighttable/CMakeFiles/ratings.dir/tools/ratings.c.o
[ 46%] Linking C shared module libratings.so
[ 46%] Built target ratings
[ 46%] Building C object lib/darktable/plugins/lighttable/CMakeFiles/filter.dir/tools/filter.c.o
[ 47%] Linking C shared module libfilter.so
[ 47%] Built target filter
[ 47%] Building C object lib/darktable/plugins/lighttable/CMakeFiles/lighttable_mode.dir/tools/lighttable.c.o
[ 47%] Linking C shared module liblighttable_mode.so
[ 47%] Built target lighttable_mode
[ 47%] Building C object lib/darktable/plugins/lighttable/CMakeFiles/view_toolbox.dir/tools/view_toolbox.c.o
[ 47%] Linking C shared module libview_toolbox.so
[ 47%] Built target view_toolbox
[ 47%] Building C object lib/darktable/plugins/lighttable/CMakeFiles/module_toolbox.dir/tools/module_toolbox.c.o
[ 48%] Linking C shared module libmodule_toolbox.so
[ 48%] Built target module_toolbox
[ 48%] Building C object lib/darktable/plugins/lighttable/CMakeFiles/filmstrip.dir/tools/filmstrip.c.o
[ 48%] Linking C shared module libfilmstrip.so
[ 48%] Built target filmstrip
[ 48%] Building C object lib/darktable/plugins/lighttable/CMakeFiles/hinter.dir/tools/hinter.c.o
[ 48%] Linking C shared module libhinter.so
[ 48%] Built target hinter
[ 48%] Building C object lib/darktable/plugins/lighttable/CMakeFiles/global_toolbox.dir/tools/global_toolbox.c.o
[ 48%] Linking C shared module libglobal_toolbox.so
[ 48%] Built target global_toolbox
[ 48%] Building C object lib/darktable/plugins/lighttable/CMakeFiles/timeline.dir/tools/timeline.c.o
[ 49%] Linking C shared module libtimeline.so
[ 49%] Built target timeline
[ 50%] Building C object lib/darktable/plugins/lighttable/CMakeFiles/image_infos.dir/tools/image_infos.c.o
[ 50%] Linking C shared module libimage_infos.so
[ 50%] Built target image_infos
[ 50%] Building C object lib/darktable/plugins/lighttable/CMakeFiles/log_history.dir/tools/log_history.c.o
[ 50%] Linking C shared module liblog_history.so
[ 50%] Built target log_history
[ 50%] Building C object lib/darktable/plugins/lighttable/CMakeFiles/midi.dir/tools/midi.c.o
[ 50%] Linking C shared module libmidi.so
[ 50%] Built target midi
[ 50%] Building C object lib/darktable/plugins/lighttable/CMakeFiles/gamepad.dir/tools/gamepad.c.o
[ 50%] Linking C shared module libgamepad.so
[ 50%] Built target gamepad
[ 51%] Building C object lib/darktable/plugins/lighttable/CMakeFiles/camera.dir/camera.c.o
[ 51%] Linking C shared module libcamera.so
[ 51%] Built target camera
[ 51%] Building C object lib/darktable/plugins/lighttable/CMakeFiles/live_view.dir/live_view.c.o
[ 51%] Linking C shared module liblive_view.so
[ 51%] Built target live_view
[ 51%] Building C object lib/darktable/plugins/lighttable/CMakeFiles/location.dir/location.c.o
[ 51%] Linking C shared module liblocation.so
[ 51%] Built target location
[ 51%] Building C object lib/darktable/plugins/lighttable/CMakeFiles/map_settings.dir/map_settings.c.o
[ 51%] Linking C shared module libmap_settings.so
[ 51%] Built target map_settings
[ 51%] Building C object lib/darktable/plugins/lighttable/CMakeFiles/map_locations.dir/map_locations.c.o
[ 51%] Linking C shared module libmap_locations.so
[ 51%] Built target map_locations
[ 52%] Building C object lib/darktable/plugins/lighttable/CMakeFiles/geotagging.dir/geotagging.c.o
[ 52%] Linking C shared module libgeotagging.so
[ 52%] Built target geotagging
[ 52%] Building C object lib/darktable/plugins/lighttable/CMakeFiles/print_settings.dir/print_settings.c.o
[ 52%] Linking C shared module libprint_settings.so
[ 52%] Built target print_settings
[ 53%] Building C object lib/darktable/plugins/lighttable/CMakeFiles/neural_restore.dir/neural_restore.c.o
[ 53%] Linking C shared module libneural_restore.so
[ 53%] Built target neural_restore
[ 54%] Generating introspection_colorharmonizer.c
[ 54%] Building C object lib/darktable/plugins/CMakeFiles/colorharmonizer.dir/introspection_colorharmonizer.c.o
[ 54%] Linking C shared module libcolorharmonizer.so
[ 54%] Built target colorharmonizer
[ 54%] Generating introspection_rawprepare.c
[ 54%] Building C object lib/darktable/plugins/CMakeFiles/rawprepare.dir/introspection_rawprepare.c.o
[ 55%] Linking C shared module librawprepare.so
[ 55%] Built target rawprepare
[ 55%] Generating introspection_soften.c
[ 56%] Building C object lib/darktable/plugins/CMakeFiles/soften.dir/introspection_soften.c.o
[ 56%] Linking C shared module libsoften.so
[ 56%] Built target soften
[ 56%] Generating introspection_bloom.c
[ 56%] Building C object lib/darktable/plugins/CMakeFiles/bloom.dir/introspection_bloom.c.o
[ 56%] Linking C shared module libbloom.so
[ 56%] Built target bloom
[ 56%] Generating introspection_highpass.c
[ 56%] Building C object lib/darktable/plugins/CMakeFiles/highpass.dir/introspection_highpass.c.o
[ 56%] Linking C shared module libhighpass.so
[ 56%] Built target highpass
[ 57%] Generating introspection_lowpass.c
[ 57%] Building C object lib/darktable/plugins/CMakeFiles/lowpass.dir/introspection_lowpass.c.o
[ 57%] Linking C shared module liblowpass.so
[ 57%] Built target lowpass
[ 57%] Generating introspection_shadhi.c
[ 57%] Building C object lib/darktable/plugins/CMakeFiles/shadhi.dir/introspection_shadhi.c.o
[ 57%] Linking C shared module libshadhi.so
[ 57%] Built target shadhi
[ 57%] Generating introspection_colorreconstruction.c
[ 57%] Building C object lib/darktable/plugins/CMakeFiles/colorreconstruct.dir/introspection_colorreconstruction.c.o
[ 58%] Linking C shared module libcolorreconstruct.so
[ 58%] Built target colorreconstruct
[ 58%] Generating introspection_tonemap.cc
[ 58%] Building CXX object lib/darktable/plugins/CMakeFiles/tonemap.dir/introspection_tonemap.cc.o
[ 58%] Linking CXX shared module libtonemap.so
[ 58%] Built target tonemap
[ 58%] Generating introspection_tonecurve.c
[ 58%] Building C object lib/darktable/plugins/CMakeFiles/tonecurve.dir/introspection_tonecurve.c.o
[ 58%] Linking C shared module libtonecurve.so
[ 58%] Built target tonecurve
[ 58%] Generating introspection_colisa.c
[ 58%] Building C object lib/darktable/plugins/CMakeFiles/colisa.dir/introspection_colisa.c.o
[ 58%] Linking C shared module libcolisa.so
[ 58%] Built target colisa
[ 58%] Generating introspection_gamma.c
[ 58%] Building C object lib/darktable/plugins/CMakeFiles/gamma.dir/introspection_gamma.c.o
[ 58%] Linking C shared module libgamma.so
[ 58%] Built target gamma
[ 58%] Generating introspection_temperature.c
[ 58%] Building C object lib/darktable/plugins/CMakeFiles/temperature.dir/introspection_temperature.c.o
[ 58%] Linking C shared module libtemperature.so
[ 58%] Built target temperature
[ 58%] Generating introspection_colorcorrection.c
[ 58%] Building C object lib/darktable/plugins/CMakeFiles/colorcorrection.dir/introspection_colorcorrection.c.o
[ 58%] Linking C shared module libcolorcorrection.so
[ 58%] Built target colorcorrection
[ 58%] Generating introspection_basicadj.c
[ 58%] Building C object lib/darktable/plugins/CMakeFiles/basicadj.dir/introspection_basicadj.c.o
[ 58%] Linking C shared module libbasicadj.so
[ 58%] Built target basicadj
[ 58%] Generating introspection_exposure.c
[ 58%] Building C object lib/darktable/plugins/CMakeFiles/exposure.dir/introspection_exposure.c.o
[ 58%] Linking C shared module libexposure.so
[ 58%] Built target exposure
[ 59%] Generating introspection_equalizer.c
[ 59%] Building C object lib/darktable/plugins/CMakeFiles/equalizer.dir/introspection_equalizer.c.o
[ 59%] Linking C shared module libequalizer.so
[ 59%] Built target equalizer
[ 59%] Generating introspection_rgbcurve.c
[ 59%] Building C object lib/darktable/plugins/CMakeFiles/rgbcurve.dir/introspection_rgbcurve.c.o
[ 60%] Linking C shared module librgbcurve.so
[ 60%] Built target rgbcurve
[ 60%] Generating introspection_colorbalance.c
[ 60%] Building C object lib/darktable/plugins/CMakeFiles/colorbalance.dir/introspection_colorbalance.c.o
[ 60%] Linking C shared module libcolorbalance.so
[ 60%] Built target colorbalance
[ 60%] Generating introspection_colorin.c
[ 60%] Building C object lib/darktable/plugins/CMakeFiles/colorin.dir/introspection_colorin.c.o
[ 60%] Linking C shared module libcolorin.so
[ 60%] Built target colorin
[ 60%] Generating introspection_colorout.c
[ 60%] Building C object lib/darktable/plugins/CMakeFiles/colorout.dir/introspection_colorout.c.o
[ 60%] Linking C shared module libcolorout.so
[ 60%] Built target colorout
[ 60%] Generating introspection_colorchecker.c
[ 60%] Building C object lib/darktable/plugins/CMakeFiles/colorchecker.dir/introspection_colorchecker.c.o
[ 61%] Linking C shared module libcolorchecker.so
[ 61%] Built target colorchecker
[ 61%] Generating introspection_clipping.c
[ 61%] Building C object lib/darktable/plugins/CMakeFiles/clipping.dir/introspection_clipping.c.o
[ 61%] Linking C shared module libclipping.so
[ 61%] Built target clipping
[ 61%] Generating introspection_enlargecanvas.c
[ 61%] Building C object lib/darktable/plugins/CMakeFiles/enlargecanvas.dir/introspection_enlargecanvas.c.o
[ 61%] Linking C shared module libenlargecanvas.so
[ 61%] Built target enlargecanvas
[ 61%] Generating introspection_crop.c
[ 61%] Building C object lib/darktable/plugins/CMakeFiles/crop.dir/introspection_crop.c.o
[ 61%] Linking C shared module libcrop.so
[ 61%] Built target crop
[ 61%] Generating introspection_sharpen.c
[ 62%] Building C object lib/darktable/plugins/CMakeFiles/sharpen.dir/introspection_sharpen.c.o
[ 62%] Linking C shared module libsharpen.so
[ 62%] Built target sharpen
[ 62%] Generating introspection_dither.c
[ 62%] Building C object lib/darktable/plugins/CMakeFiles/dither.dir/introspection_dither.c.o
[ 62%] Linking C shared module libdither.so
[ 62%] Built target dither
[ 62%] Generating introspection_monochrome.c
[ 62%] Building C object lib/darktable/plugins/CMakeFiles/monochrome.dir/introspection_monochrome.c.o
[ 62%] Linking C shared module libmonochrome.so
[ 62%] Built target monochrome
[ 62%] Generating introspection_basecurve.c
[ 62%] Building C object lib/darktable/plugins/CMakeFiles/basecurve.dir/introspection_basecurve.c.o
[ 62%] Linking C shared module libbasecurve.so
[ 62%] Built target basecurve
[ 62%] Generating introspection_colorzones.c
[ 62%] Building C object lib/darktable/plugins/CMakeFiles/colorzones.dir/introspection_colorzones.c.o
[ 62%] Linking C shared module libcolorzones.so
[ 62%] Built target colorzones
[ 63%] Generating introspection_highlights.c
[ 63%] Building C object lib/darktable/plugins/CMakeFiles/highlights.dir/introspection_highlights.c.o
[ 63%] Linking C shared module libhighlights.so
[ 63%] Built target highlights
[ 63%] Generating introspection_overlay.c
[ 64%] Building C object lib/darktable/plugins/CMakeFiles/overlay.dir/introspection_overlay.c.o
[ 64%] Linking C shared module liboverlay.so
[ 64%] Built target overlay
[ 64%] Generating introspection_rawoverexposed.c
no introspection requested for rawoverexposed.c.
[ 64%] Building C object lib/darktable/plugins/CMakeFiles/rawoverexposed.dir/introspection_rawoverexposed.c.o
[ 64%] Linking C shared module librawoverexposed.so
[ 64%] Built target rawoverexposed
[ 64%] Generating introspection_velvia.c
[ 64%] Building C object lib/darktable/plugins/CMakeFiles/velvia.dir/introspection_velvia.c.o
[ 64%] Linking C shared module libvelvia.so
[ 64%] Built target velvia
[ 64%] Generating introspection_vignette.c
[ 64%] Building C object lib/darktable/plugins/CMakeFiles/vignette.dir/introspection_vignette.c.o
[ 64%] Linking C shared module libvignette.so
[ 64%] Built target vignette
[ 64%] Generating introspection_splittoning.c
[ 64%] Building C object lib/darktable/plugins/CMakeFiles/splittoning.dir/introspection_splittoning.c.o
[ 64%] Linking C shared module libsplittoning.so
[ 64%] Built target splittoning
[ 64%] Generating introspection_grain.c
[ 64%] Building C object lib/darktable/plugins/CMakeFiles/grain.dir/introspection_grain.c.o
[ 64%] Linking C shared module libgrain.so
[ 64%] Built target grain
[ 64%] Generating introspection_clahe.c
no introspection requested for clahe.c.
[ 64%] Building C object lib/darktable/plugins/CMakeFiles/clahe.dir/introspection_clahe.c.o
[ 64%] Linking C shared module libclahe.so
[ 64%] Built target clahe
[ 64%] Generating introspection_bilateral.cc
[ 64%] Building CXX object lib/darktable/plugins/CMakeFiles/bilateral.dir/introspection_bilateral.cc.o
[ 64%] Linking CXX shared module libbilateral.so
[ 64%] Built target bilateral
[ 64%] Generating introspection_profile_gamma.c
[ 65%] Building C object lib/darktable/plugins/CMakeFiles/profile_gamma.dir/introspection_profile_gamma.c.o
[ 65%] Linking C shared module libprofile_gamma.so
[ 65%] Built target profile_gamma
[ 65%] Generating introspection_colortransfer.c
[ 65%] Building C object lib/darktable/plugins/CMakeFiles/colortransfer.dir/introspection_colortransfer.c.o
[ 65%] Linking C shared module libcolortransfer.so
[ 65%] Built target colortransfer
[ 66%] Generating introspection_colormapping.c
[ 66%] Building C object lib/darktable/plugins/CMakeFiles/colormapping.dir/introspection_colormapping.c.o
[ 66%] Linking C shared module libcolormapping.so
[ 66%] Built target colormapping
[ 66%] Generating introspection_channelmixer.c
[ 66%] Building C object lib/darktable/plugins/CMakeFiles/channelmixer.dir/introspection_channelmixer.c.o
[ 66%] Linking C shared module libchannelmixer.so
[ 66%] Built target channelmixer
[ 66%] Generating introspection_graduatednd.c
[ 67%] Building C object lib/darktable/plugins/CMakeFiles/graduatednd.dir/introspection_graduatednd.c.o
[ 67%] Linking C shared module libgraduatednd.so
[ 67%] Built target graduatednd
[ 67%] Generating introspection_relight.c
[ 67%] Building C object lib/darktable/plugins/CMakeFiles/relight.dir/introspection_relight.c.o
[ 67%] Linking C shared module librelight.so
[ 67%] Built target relight
[ 67%] Generating introspection_zonesystem.c
[ 67%] Building C object lib/darktable/plugins/CMakeFiles/zonesystem.dir/introspection_zonesystem.c.o
[ 68%] Linking C shared module libzonesystem.so
[ 68%] Built target zonesystem
[ 68%] Generating introspection_demosaic.c
[ 69%] Building C object lib/darktable/plugins/CMakeFiles/demosaic.dir/introspection_demosaic.c.o
[ 69%] Building CXX object lib/darktable/plugins/CMakeFiles/demosaic.dir/demosaicing/amaze.cc.o
[ 69%] Linking CXX shared module libdemosaic.so
[ 69%] Built target demosaic
[ 69%] Generating introspection_rotatepixels.c
[ 69%] Building C object lib/darktable/plugins/CMakeFiles/rotatepixels.dir/introspection_rotatepixels.c.o
[ 69%] Linking C shared module librotatepixels.so
[ 69%] Built target rotatepixels
[ 70%] Generating introspection_scalepixels.c
[ 70%] Building C object lib/darktable/plugins/CMakeFiles/scalepixels.dir/introspection_scalepixels.c.o
[ 70%] Linking C shared module libscalepixels.so
[ 70%] Built target scalepixels
[ 70%] Generating introspection_atrous.c
[ 70%] Building C object lib/darktable/plugins/CMakeFiles/atrous.dir/introspection_atrous.c.o
[ 70%] Linking C shared module libatrous.so
[ 70%] Built target atrous
[ 70%] Generating introspection_cacorrect.c
[ 70%] Building C object lib/darktable/plugins/CMakeFiles/cacorrect.dir/introspection_cacorrect.c.o
[ 70%] Linking C shared module libcacorrect.so
[ 70%] Built target cacorrect
[ 70%] Generating introspection_overexposed.c
no introspection requested for overexposed.c.
[ 70%] Building C object lib/darktable/plugins/CMakeFiles/overexposed.dir/introspection_overexposed.c.o
[ 70%] Linking C shared module liboverexposed.so
[ 70%] Built target overexposed
[ 70%] Generating introspection_hotpixels.c
[ 70%] Building C object lib/darktable/plugins/CMakeFiles/hotpixels.dir/introspection_hotpixels.c.o
[ 70%] Linking C shared module libhotpixels.so
[ 70%] Built target hotpixels
[ 70%] Generating introspection_lowlight.c
[ 70%] Building C object lib/darktable/plugins/CMakeFiles/lowlight.dir/introspection_lowlight.c.o
[ 70%] Linking C shared module liblowlight.so
[ 70%] Built target lowlight
[ 70%] Generating introspection_spots.c
[ 70%] Building C object lib/darktable/plugins/CMakeFiles/spots.dir/introspection_spots.c.o
[ 70%] Linking C shared module libspots.so
[ 70%] Built target spots
[ 70%] Generating introspection_retouch.c
[ 70%] Building C object lib/darktable/plugins/CMakeFiles/retouch.dir/introspection_retouch.c.o
[ 70%] Linking C shared module libretouch.so
[ 70%] Built target retouch
[ 71%] Generating introspection_liquify.c
[ 71%] Building C object lib/darktable/plugins/CMakeFiles/liquify.dir/introspection_liquify.c.o
[ 71%] Linking C shared module libliquify.so
[ 71%] Built target liquify
[ 71%] Generating introspection_rawdenoise.c
[ 71%] Building C object lib/darktable/plugins/CMakeFiles/rawdenoise.dir/introspection_rawdenoise.c.o
[ 71%] Linking C shared module librawdenoise.so
[ 71%] Built target rawdenoise
[ 71%] Generating introspection_borders.c
[ 71%] Building C object lib/darktable/plugins/CMakeFiles/borders.dir/introspection_borders.c.o
[ 71%] Linking C shared module libborders.so
[ 71%] Built target borders
[ 71%] Generating introspection_nlmeans.c
[ 71%] Building C object lib/darktable/plugins/CMakeFiles/nlmeans.dir/introspection_nlmeans.c.o
[ 71%] Linking C shared module libnlmeans.so
[ 71%] Built target nlmeans
[ 71%] Generating introspection_colorcontrast.c
[ 71%] Building C object lib/darktable/plugins/CMakeFiles/colorcontrast.dir/introspection_colorcontrast.c.o
[ 71%] Linking C shared module libcolorcontrast.so
[ 71%] Built target colorcontrast
[ 71%] Generating introspection_levels.c
[ 71%] Building C object lib/darktable/plugins/CMakeFiles/levels.dir/introspection_levels.c.o
[ 71%] Linking C shared module liblevels.so
[ 71%] Built target levels
[ 71%] Generating introspection_rgblevels.c
[ 71%] Building C object lib/darktable/plugins/CMakeFiles/rgblevels.dir/introspection_rgblevels.c.o
[ 71%] Linking C shared module librgblevels.so
[ 71%] Built target rgblevels
[ 71%] Generating introspection_colorize.c
[ 71%] Building C object lib/darktable/plugins/CMakeFiles/colorize.dir/introspection_colorize.c.o
[ 71%] Linking C shared module libcolorize.so
[ 71%] Built target colorize
[ 71%] Generating introspection_invert.c
[ 71%] Building C object lib/darktable/plugins/CMakeFiles/invert.dir/introspection_invert.c.o
[ 71%] Linking C shared module libinvert.so
[ 71%] Built target invert
[ 71%] Generating introspection_vibrance.c
[ 71%] Building C object lib/darktable/plugins/CMakeFiles/vibrance.dir/introspection_vibrance.c.o
[ 72%] Linking C shared module libvibrance.so
[ 72%] Built target vibrance
[ 72%] Generating introspection_flip.c
[ 72%] Building C object lib/darktable/plugins/CMakeFiles/flip.dir/introspection_flip.c.o
[ 72%] Linking C shared module libflip.so
[ 72%] Built target flip
[ 72%] Generating introspection_finalscale.c
[ 72%] Building C object lib/darktable/plugins/CMakeFiles/finalscale.dir/introspection_finalscale.c.o
[ 72%] Linking C shared module libfinalscale.so
[ 72%] Built target finalscale
[ 72%] Generating introspection_globaltonemap.c
[ 72%] Building C object lib/darktable/plugins/CMakeFiles/globaltonemap.dir/introspection_globaltonemap.c.o
[ 72%] Linking C shared module libglobaltonemap.so
[ 72%] Built target globaltonemap
[ 72%] Generating introspection_bilat.c
[ 73%] Building C object lib/darktable/plugins/CMakeFiles/bilat.dir/introspection_bilat.c.o
[ 73%] Linking C shared module libbilat.so
[ 73%] Built target bilat
[ 73%] Generating introspection_denoiseprofile.c
[ 73%] Building C object lib/darktable/plugins/CMakeFiles/denoiseprofile.dir/introspection_denoiseprofile.c.o
[ 73%] Linking C shared module libdenoiseprofile.so
[ 73%] Built target denoiseprofile
[ 73%] Generating introspection_defringe.c
[ 73%] Building C object lib/darktable/plugins/CMakeFiles/defringe.dir/introspection_defringe.c.o
[ 73%] Linking C shared module libdefringe.so
[ 73%] Built target defringe
[ 73%] Generating introspection_ashift.c
[ 73%] Building C object lib/darktable/plugins/CMakeFiles/ashift.dir/introspection_ashift.c.o
[ 73%] Linking C shared module libashift.so
[ 73%] Built target ashift
[ 73%] Generating introspection_hazeremoval.c
[ 73%] Building C object lib/darktable/plugins/CMakeFiles/hazeremoval.dir/introspection_hazeremoval.c.o
[ 73%] Linking C shared module libhazeremoval.so
[ 73%] Built target hazeremoval
[ 73%] Generating introspection_filmic.c
[ 73%] Building C object lib/darktable/plugins/CMakeFiles/filmic.dir/introspection_filmic.c.o
[ 73%] Linking C shared module libfilmic.so
[ 73%] Built target filmic
[ 73%] Generating introspection_mask_manager.c
[ 73%] Building C object lib/darktable/plugins/CMakeFiles/mask_manager.dir/introspection_mask_manager.c.o
[ 74%] Linking C shared module libmask_manager.so
[ 74%] Built target mask_manager
[ 74%] Generating introspection_lut3d.c
[ 74%] Building C object lib/darktable/plugins/CMakeFiles/lut3d.dir/introspection_lut3d.c.o
[ 74%] Building CXX object lib/darktable/plugins/CMakeFiles/lut3d.dir/lut3dgmic.cpp.o
[ 74%] Linking CXX shared module liblut3d.so
[ 74%] Built target lut3d
[ 74%] Generating introspection_toneequal.c
[ 74%] Building C object lib/darktable/plugins/CMakeFiles/toneequal.dir/introspection_toneequal.c.o
[ 74%] Linking C shared module libtoneequal.so
[ 74%] Built target toneequal
[ 74%] Generating introspection_filmicrgb.c
[ 74%] Building C object lib/darktable/plugins/CMakeFiles/filmicrgb.dir/introspection_filmicrgb.c.o
[ 74%] Linking C shared module libfilmicrgb.so
[ 74%] Built target filmicrgb
[ 74%] Generating introspection_negadoctor.c
[ 74%] Building C object lib/darktable/plugins/CMakeFiles/negadoctor.dir/introspection_negadoctor.c.o
[ 74%] Linking C shared module libnegadoctor.so
[ 74%] Built target negadoctor
[ 74%] Generating introspection_channelmixerrgb.c
[ 74%] Building C object lib/darktable/plugins/CMakeFiles/channelmixerrgb.dir/introspection_channelmixerrgb.c.o
[ 74%] Building C object lib/darktable/plugins/CMakeFiles/channelmixerrgb.dir/__/chart/common.c.o
[ 75%] Linking C shared module libchannelmixerrgb.so
[ 75%] Built target channelmixerrgb
[ 75%] Generating introspection_censorize.c
[ 75%] Building C object lib/darktable/plugins/CMakeFiles/censorize.dir/introspection_censorize.c.o
[ 75%] Linking C shared module libcensorize.so
[ 75%] Built target censorize
[ 75%] Generating introspection_colorbalancergb.c
[ 75%] Building C object lib/darktable/plugins/CMakeFiles/colorbalancergb.dir/introspection_colorbalancergb.c.o
[ 75%] Linking C shared module libcolorbalancergb.so
[ 75%] Built target colorbalancergb
[ 75%] Generating introspection_cacorrectrgb.c
[ 75%] Building C object lib/darktable/plugins/CMakeFiles/cacorrectrgb.dir/introspection_cacorrectrgb.c.o
[ 75%] Linking C shared module libcacorrectrgb.so
[ 75%] Built target cacorrectrgb
[ 75%] Generating introspection_diffuse.c
[ 75%] Building C object lib/darktable/plugins/CMakeFiles/diffuse.dir/introspection_diffuse.c.o
[ 75%] Linking C shared module libdiffuse.so
[ 75%] Built target diffuse
[ 75%] Generating introspection_blurs.c
[ 75%] Building C object lib/darktable/plugins/CMakeFiles/blurs.dir/introspection_blurs.c.o
[ 76%] Linking C shared module libblurs.so
[ 76%] Built target blurs
[ 76%] Generating introspection_sigmoid.c
[ 76%] Building C object lib/darktable/plugins/CMakeFiles/sigmoid.dir/introspection_sigmoid.c.o
[ 76%] Linking C shared module libsigmoid.so
[ 76%] Built target sigmoid
[ 76%] Generating introspection_agx.c
[ 76%] Building C object lib/darktable/plugins/CMakeFiles/agx.dir/introspection_agx.c.o
[ 76%] Linking C shared module libagx.so
[ 76%] Built target agx
[ 76%] Generating introspection_primaries.c
[ 76%] Building C object lib/darktable/plugins/CMakeFiles/primaries.dir/introspection_primaries.c.o
[ 76%] Linking C shared module libprimaries.so
[ 76%] Built target primaries
[ 76%] Generating introspection_colorequal.c
[ 76%] Building C object lib/darktable/plugins/CMakeFiles/colorequal.dir/introspection_colorequal.c.o
[ 76%] Linking C shared module libcolorequal.so
[ 76%] Built target colorequal
[ 76%] Generating introspection_rasterfile.c
[ 76%] Building C object lib/darktable/plugins/CMakeFiles/rasterfile.dir/introspection_rasterfile.c.o
[ 76%] Linking C shared module librasterfile.so
[ 76%] Built target rasterfile
[ 76%] Generating introspection_watermark.c
[ 76%] Building C object lib/darktable/plugins/CMakeFiles/watermark.dir/introspection_watermark.c.o
[ 77%] Linking C shared module libwatermark.so
[ 77%] Built target watermark
[ 77%] Generating introspection_lens.cc
[ 78%] Building CXX object lib/darktable/plugins/CMakeFiles/lens.dir/introspection_lens.cc.o
[ 78%] Linking CXX shared module liblens.so
[ 78%] Built target lens
[ 78%] Building C object lib/darktable/plugins/imageio/format/CMakeFiles/copy.dir/copy.c.o
[ 78%] Linking C shared module libcopy.so
[ 78%] Built target copy
[ 78%] Building C object lib/darktable/plugins/imageio/format/CMakeFiles/jpeg.dir/jpeg.c.o
[ 78%] Linking C shared module libjpeg.so
[ 78%] Built target jpeg
[ 78%] Building C object lib/darktable/plugins/imageio/format/CMakeFiles/pdf.dir/pdf.c.o
[ 78%] Linking C shared module libpdf.so
[ 78%] Built target pdf
[ 78%] Building C object lib/darktable/plugins/imageio/format/CMakeFiles/png.dir/png.c.o
[ 78%] Linking C shared module libpng.so
[ 78%] Built target png
[ 79%] Building C object lib/darktable/plugins/imageio/format/CMakeFiles/ppm.dir/ppm.c.o
[ 79%] Linking C shared module libppm.so
[ 79%] Built target ppm
[ 79%] Building C object lib/darktable/plugins/imageio/format/CMakeFiles/pfm.dir/pfm.c.o
[ 79%] Linking C shared module libpfm.so
[ 79%] Built target pfm
[ 79%] Building C object lib/darktable/plugins/imageio/format/CMakeFiles/tiff.dir/tiff.c.o
[ 79%] Linking C shared module libtiff.so
[ 79%] Built target tiff
[ 79%] Building C object lib/darktable/plugins/imageio/format/CMakeFiles/jxl_format.dir/jxl.c.o
[ 79%] Linking C shared module libjpegxl.so
[ 79%] Built target jxl_format
[ 79%] Building C object lib/darktable/plugins/imageio/format/CMakeFiles/heif_format.dir/heif.c.o
[ 79%] Linking C shared module libheif.so
[ 79%] Built target heif_format
[ 79%] Building C object lib/darktable/plugins/imageio/format/CMakeFiles/webp.dir/webp.c.o
[ 79%] Linking C shared module libwebp.so
[ 79%] Built target webp
[ 79%] Building CXX object lib/darktable/plugins/imageio/format/CMakeFiles/exr.dir/exr.cc.o
[ 80%] Linking CXX shared module libexr.so
[ 80%] Built target exr
[ 80%] Building C object lib/darktable/plugins/imageio/format/CMakeFiles/j2k.dir/j2k.c.o
[ 81%] Linking C shared module libj2k.so
[ 81%] Built target j2k
[ 81%] Building C object lib/darktable/plugins/imageio/format/CMakeFiles/avif_format.dir/avif.c.o
[ 82%] Linking C shared module libavif.so
[ 82%] Built target avif_format
[ 82%] Building C object lib/darktable/plugins/imageio/format/CMakeFiles/gimp_xcf.dir/xcf.c.o
[ 82%] Linking C shared module libxcf.so
[ 82%] Built target gimp_xcf
[ 82%] Building C object lib/darktable/plugins/imageio/storage/CMakeFiles/disk.dir/disk.c.o
[ 83%] Linking C shared module libdisk.so
[ 83%] Built target disk
[ 83%] Building C object lib/darktable/plugins/imageio/storage/CMakeFiles/email.dir/email.c.o
[ 83%] Linking C shared module libemail.so
[ 83%] Built target email
[ 83%] Building C object lib/darktable/plugins/imageio/storage/CMakeFiles/gallery.dir/gallery.c.o
[ 84%] Linking C shared module libgallery.so
[ 84%] Built target gallery
[ 84%] Building C object lib/darktable/plugins/imageio/storage/CMakeFiles/latex.dir/latex.c.o
[ 84%] Linking C shared module liblatex.so
[ 84%] Built target latex
[ 84%] Building C object lib/darktable/plugins/imageio/storage/CMakeFiles/piwigo.dir/piwigo.c.o
[ 84%] Linking C shared module libpiwigo.so
[ 84%] Built target piwigo
[ 84%] Building C object bin/cltest/CMakeFiles/darktable-cltest.dir/main.c.o
[ 85%] Linking C executable ../darktable-cltest
[ 85%] Built target darktable-cltest
[ 85%] Building C object bin/cli/CMakeFiles/darktable-cli.dir/main.c.o
[ 85%] Linking C executable ../darktable-cli
[ 85%] Built target darktable-cli
[ 85%] Building C object bin/generate-cache/CMakeFiles/darktable-generate-cache.dir/main.c.o
[ 85%] Linking C executable ../darktable-generate-cache
[ 85%] Built target darktable-generate-cache
[ 85%] Building C object bin/cmstest/CMakeFiles/darktable-cmstest.dir/main.c.o
[ 85%] Building C object bin/cmstest/CMakeFiles/darktable-cmstest.dir/__/version_gen.c.o
[ 85%] Linking C executable ../darktable-cmstest
[ 85%] Built target darktable-cmstest
[ 85%] Building C object bin/chart/CMakeFiles/darktable-chart.dir/main.c.o
[ 86%] Building C object bin/chart/CMakeFiles/darktable-chart.dir/colorchart.c.o
[ 86%] Building C object bin/chart/CMakeFiles/darktable-chart.dir/deltaE.c.o
[ 86%] Building C object bin/chart/CMakeFiles/darktable-chart.dir/__/common/pfm.c.o
[ 86%] Building C object bin/chart/CMakeFiles/darktable-chart.dir/dtcairo.c.o
[ 86%] Building C object bin/chart/CMakeFiles/darktable-chart.dir/common.c.o
[ 86%] Building C object bin/chart/CMakeFiles/darktable-chart.dir/thinplate.c.o
[ 86%] Building C object bin/chart/CMakeFiles/darktable-chart.dir/tonecurve.c.o
[ 86%] Linking C executable darktable-chart
[ 86%] Built target darktable-chart
[ 86%] Building CXX object bin/external/LibRaw-cmake/CMakeFiles/raw_r.dir/__/LibRaw/src/decoders/canon_600.cpp.o
[ 86%] Building CXX object bin/external/LibRaw-cmake/CMakeFiles/raw_r.dir/__/LibRaw/src/decoders/crx.cpp.o
[ 86%] Building CXX object bin/external/LibRaw-cmake/CMakeFiles/raw_r.dir/__/LibRaw/src/decoders/decoders_dcraw.cpp.o
[ 86%] Building CXX object bin/external/LibRaw-cmake/CMakeFiles/raw_r.dir/__/LibRaw/src/decoders/decoders_libraw.cpp.o
[ 86%] Building CXX object bin/external/LibRaw-cmake/CMakeFiles/raw_r.dir/__/LibRaw/src/decoders/decoders_libraw_dcrdefs.cpp.o
[ 86%] Building CXX object bin/external/LibRaw-cmake/CMakeFiles/raw_r.dir/__/LibRaw/src/decoders/dng.cpp.o
[ 87%] Building CXX object bin/external/LibRaw-cmake/CMakeFiles/raw_r.dir/__/LibRaw/src/decoders/fp_dng.cpp.o
[ 87%] Building CXX object bin/external/LibRaw-cmake/CMakeFiles/raw_r.dir/__/LibRaw/src/decoders/fuji_compressed.cpp.o
[ 87%] Building CXX object bin/external/LibRaw-cmake/CMakeFiles/raw_r.dir/__/LibRaw/src/decoders/generic.cpp.o
[ 87%] Building CXX object bin/external/LibRaw-cmake/CMakeFiles/raw_r.dir/__/LibRaw/src/decoders/kodak_decoders.cpp.o
[ 87%] Building CXX object bin/external/LibRaw-cmake/CMakeFiles/raw_r.dir/__/LibRaw/src/decoders/load_mfbacks.cpp.o
[ 87%] Building CXX object bin/external/LibRaw-cmake/CMakeFiles/raw_r.dir/__/LibRaw/src/decoders/olympus14.cpp.o
[ 87%] Building CXX object bin/external/LibRaw-cmake/CMakeFiles/raw_r.dir/__/LibRaw/src/decoders/pana8.cpp.o
[ 87%] Building CXX object bin/external/LibRaw-cmake/CMakeFiles/raw_r.dir/__/LibRaw/src/decoders/smal.cpp.o
[ 87%] Building CXX object bin/external/LibRaw-cmake/CMakeFiles/raw_r.dir/__/LibRaw/src/decoders/sonycc.cpp.o
[ 87%] Building CXX object bin/external/LibRaw-cmake/CMakeFiles/raw_r.dir/__/LibRaw/src/decoders/unpack.cpp.o
[ 88%] Building CXX object bin/external/LibRaw-cmake/CMakeFiles/raw_r.dir/__/LibRaw/src/decoders/unpack_thumb.cpp.o
[ 88%] Building CXX object bin/external/LibRaw-cmake/CMakeFiles/raw_r.dir/__/LibRaw/src/decompressors/losslessjpeg.cpp.o
[ 88%] Building CXX object bin/external/LibRaw-cmake/CMakeFiles/raw_r.dir/__/LibRaw/src/demosaic/aahd_demosaic.cpp.o
[ 88%] Building CXX object bin/external/LibRaw-cmake/CMakeFiles/raw_r.dir/__/LibRaw/src/demosaic/ahd_demosaic.cpp.o
[ 88%] Building CXX object bin/external/LibRaw-cmake/CMakeFiles/raw_r.dir/__/LibRaw/src/demosaic/dcb_demosaic.cpp.o
[ 88%] Building CXX object bin/external/LibRaw-cmake/CMakeFiles/raw_r.dir/__/LibRaw/src/demosaic/dht_demosaic.cpp.o
[ 88%] Building CXX object bin/external/LibRaw-cmake/CMakeFiles/raw_r.dir/__/LibRaw/src/demosaic/misc_demosaic.cpp.o
[ 88%] Building CXX object bin/external/LibRaw-cmake/CMakeFiles/raw_r.dir/__/LibRaw/src/demosaic/xtrans_demosaic.cpp.o
[ 88%] Building CXX object bin/external/LibRaw-cmake/CMakeFiles/raw_r.dir/__/LibRaw/src/integration/dngsdk_glue.cpp.o
[ 88%] Building CXX object bin/external/LibRaw-cmake/CMakeFiles/raw_r.dir/__/LibRaw/src/integration/rawspeed_glue.cpp.o
[ 89%] Building CXX object bin/external/LibRaw-cmake/CMakeFiles/raw_r.dir/__/LibRaw/src/libraw_c_api.cpp.o
[ 89%] Building CXX object bin/external/LibRaw-cmake/CMakeFiles/raw_r.dir/__/LibRaw/src/libraw_datastream.cpp.o
[ 89%] Building CXX object bin/external/LibRaw-cmake/CMakeFiles/raw_r.dir/__/LibRaw/src/metadata/adobepano.cpp.o
[ 89%] Building CXX object bin/external/LibRaw-cmake/CMakeFiles/raw_r.dir/__/LibRaw/src/metadata/canon.cpp.o
[ 89%] Building CXX object bin/external/LibRaw-cmake/CMakeFiles/raw_r.dir/__/LibRaw/src/metadata/ciff.cpp.o
[ 89%] Building CXX object bin/external/LibRaw-cmake/CMakeFiles/raw_r.dir/__/LibRaw/src/metadata/cr3_parser.cpp.o
[ 89%] Building CXX object bin/external/LibRaw-cmake/CMakeFiles/raw_r.dir/__/LibRaw/src/metadata/epson.cpp.o
[ 89%] Building CXX object bin/external/LibRaw-cmake/CMakeFiles/raw_r.dir/__/LibRaw/src/metadata/exif_gps.cpp.o
[ 89%] Building CXX object bin/external/LibRaw-cmake/CMakeFiles/raw_r.dir/__/LibRaw/src/metadata/fuji.cpp.o
[ 89%] Building CXX object bin/external/LibRaw-cmake/CMakeFiles/raw_r.dir/__/LibRaw/src/metadata/hasselblad_model.cpp.o
[ 90%] Building CXX object bin/external/LibRaw-cmake/CMakeFiles/raw_r.dir/__/LibRaw/src/metadata/identify.cpp.o
[ 90%] Building CXX object bin/external/LibRaw-cmake/CMakeFiles/raw_r.dir/__/LibRaw/src/metadata/identify_tools.cpp.o
[ 90%] Building CXX object bin/external/LibRaw-cmake/CMakeFiles/raw_r.dir/__/LibRaw/src/metadata/kodak.cpp.o
[ 90%] Building CXX object bin/external/LibRaw-cmake/CMakeFiles/raw_r.dir/__/LibRaw/src/metadata/leica.cpp.o
[ 90%] Building CXX object bin/external/LibRaw-cmake/CMakeFiles/raw_r.dir/__/LibRaw/src/metadata/makernotes.cpp.o
[ 90%] Building CXX object bin/external/LibRaw-cmake/CMakeFiles/raw_r.dir/__/LibRaw/src/metadata/mediumformat.cpp.o
[ 90%] Building CXX object bin/external/LibRaw-cmake/CMakeFiles/raw_r.dir/__/LibRaw/src/metadata/minolta.cpp.o
[ 90%] Building CXX object bin/external/LibRaw-cmake/CMakeFiles/raw_r.dir/__/LibRaw/src/metadata/misc_parsers.cpp.o
[ 90%] Building CXX object bin/external/LibRaw-cmake/CMakeFiles/raw_r.dir/__/LibRaw/src/metadata/nikon.cpp.o
[ 90%] Building CXX object bin/external/LibRaw-cmake/CMakeFiles/raw_r.dir/__/LibRaw/src/metadata/normalize_model.cpp.o
[ 90%] Building CXX object bin/external/LibRaw-cmake/CMakeFiles/raw_r.dir/__/LibRaw/src/metadata/olympus.cpp.o
[ 91%] Building CXX object bin/external/LibRaw-cmake/CMakeFiles/raw_r.dir/__/LibRaw/src/metadata/p1.cpp.o
[ 91%] Building CXX object bin/external/LibRaw-cmake/CMakeFiles/raw_r.dir/__/LibRaw/src/metadata/pentax.cpp.o
[ 91%] Building CXX object bin/external/LibRaw-cmake/CMakeFiles/raw_r.dir/__/LibRaw/src/metadata/samsung.cpp.o
[ 91%] Building CXX object bin/external/LibRaw-cmake/CMakeFiles/raw_r.dir/__/LibRaw/src/metadata/sony.cpp.o
[ 91%] Building CXX object bin/external/LibRaw-cmake/CMakeFiles/raw_r.dir/__/LibRaw/src/metadata/tiff.cpp.o
[ 91%] Building CXX object bin/external/LibRaw-cmake/CMakeFiles/raw_r.dir/__/LibRaw/src/postprocessing/aspect_ratio.cpp.o
[ 91%] Building CXX object bin/external/LibRaw-cmake/CMakeFiles/raw_r.dir/__/LibRaw/src/postprocessing/dcraw_process.cpp.o
[ 91%] Building CXX object bin/external/LibRaw-cmake/CMakeFiles/raw_r.dir/__/LibRaw/src/postprocessing/mem_image.cpp.o
[ 91%] Building CXX object bin/external/LibRaw-cmake/CMakeFiles/raw_r.dir/__/LibRaw/src/postprocessing/postprocessing_aux.cpp.o
[ 91%] Building CXX object bin/external/LibRaw-cmake/CMakeFiles/raw_r.dir/__/LibRaw/src/postprocessing/postprocessing_utils.cpp.o
[ 92%] Building CXX object bin/external/LibRaw-cmake/CMakeFiles/raw_r.dir/__/LibRaw/src/postprocessing/postprocessing_utils_dcrdefs.cpp.o
[ 92%] Building CXX object bin/external/LibRaw-cmake/CMakeFiles/raw_r.dir/__/LibRaw/src/preprocessing/ext_preprocess.cpp.o
[ 92%] Building CXX object bin/external/LibRaw-cmake/CMakeFiles/raw_r.dir/__/LibRaw/src/preprocessing/raw2image.cpp.o
[ 92%] Building CXX object bin/external/LibRaw-cmake/CMakeFiles/raw_r.dir/__/LibRaw/src/preprocessing/subtract_black.cpp.o
[ 92%] Building CXX object bin/external/LibRaw-cmake/CMakeFiles/raw_r.dir/__/LibRaw/src/tables/cameralist.cpp.o
[ 92%] Building CXX object bin/external/LibRaw-cmake/CMakeFiles/raw_r.dir/__/LibRaw/src/tables/colorconst.cpp.o
[ 92%] Building CXX object bin/external/LibRaw-cmake/CMakeFiles/raw_r.dir/__/LibRaw/src/tables/colordata.cpp.o
[ 92%] Building CXX object bin/external/LibRaw-cmake/CMakeFiles/raw_r.dir/__/LibRaw/src/tables/wblists.cpp.o
[ 92%] Building CXX object bin/external/LibRaw-cmake/CMakeFiles/raw_r.dir/__/LibRaw/src/utils/curves.cpp.o
[ 92%] Building CXX object bin/external/LibRaw-cmake/CMakeFiles/raw_r.dir/__/LibRaw/src/utils/decoder_info.cpp.o
[ 93%] Building CXX object bin/external/LibRaw-cmake/CMakeFiles/raw_r.dir/__/LibRaw/src/utils/init_close_utils.cpp.o
[ 93%] Building CXX object bin/external/LibRaw-cmake/CMakeFiles/raw_r.dir/__/LibRaw/src/utils/open.cpp.o
[ 93%] Building CXX object bin/external/LibRaw-cmake/CMakeFiles/raw_r.dir/__/LibRaw/src/utils/phaseone_processing.cpp.o
[ 93%] Building CXX object bin/external/LibRaw-cmake/CMakeFiles/raw_r.dir/__/LibRaw/src/utils/read_utils.cpp.o
[ 93%] Building CXX object bin/external/LibRaw-cmake/CMakeFiles/raw_r.dir/__/LibRaw/src/utils/thumb_utils.cpp.o
[ 93%] Building CXX object bin/external/LibRaw-cmake/CMakeFiles/raw_r.dir/__/LibRaw/src/utils/utils_dcraw.cpp.o
[ 93%] Building CXX object bin/external/LibRaw-cmake/CMakeFiles/raw_r.dir/__/LibRaw/src/utils/utils_libraw.cpp.o
[ 93%] Building CXX object bin/external/LibRaw-cmake/CMakeFiles/raw_r.dir/__/LibRaw/src/write/apply_profile.cpp.o
[ 93%] Building CXX object bin/external/LibRaw-cmake/CMakeFiles/raw_r.dir/__/LibRaw/src/write/file_write.cpp.o
[ 93%] Building CXX object bin/external/LibRaw-cmake/CMakeFiles/raw_r.dir/__/LibRaw/src/write/tiff_writer.cpp.o
[ 94%] Building CXX object bin/external/LibRaw-cmake/CMakeFiles/raw_r.dir/__/LibRaw/src/x3f/x3f_parse_process.cpp.o
[ 94%] Building CXX object bin/external/LibRaw-cmake/CMakeFiles/raw_r.dir/__/LibRaw/src/x3f/x3f_utils_patched.cpp.o
[ 94%] Linking CXX static library libraw_r.a
[ 94%] Built target raw_r
[ 94%] Generating org.darktable.darktable.desktop
Merging translations into /home/ubuntu/git/darktable/build/share/darktable/org.darktable.darktable.desktop.
[ 95%] Checking validity of org.darktable.darktable.desktop
[ 95%] Built target validate_darktable_desktop
[ 95%] Built target darktable.desktop_file
[ 95%] Generating ../metainfo/org.darktable.darktable.appdata.xml
Merging translations into /home/ubuntu/git/darktable/build/bin/../share/metainfo/org.darktable.darktable.appdata.xml.
CREATED /home/ubuntu/git/darktable/build/bin/../share/metainfo/org.darktable.darktable.appdata.xml
[ 95%] Built target darktable.appdata_file
[ 95%] Checking validity of noiseprofiles.json
/usr/bin/jsonschema:5: DeprecationWarning: The jsonschema CLI is deprecated and will be removed in a future version. Please use check-jsonschema instead, which can be installed from https://pypi.org/project/check-jsonschema/
  from jsonschema.cli import main
[ 95%] Built target validate_noiseprofiles_json
[ 95%] Checking validity of wb_presets.json
/usr/bin/jsonschema:5: DeprecationWarning: The jsonschema CLI is deprecated and will be removed in a future version. Please use check-jsonschema instead, which can be installed from https://pypi.org/project/check-jsonschema/
  from jsonschema.cli import main
[ 95%] Built target validate_wbpresets_json
[ 95%] Generating darktablerc
[ 95%] Built target darktablerc_file
[ 95%] Test-compiling OpenCL program soften.cl
[ 95%] Built target opencl-program-soften.cl
[ 95%] Test-compiling OpenCL program agx.cl
[ 95%] Built target opencl-program-agx.cl
[ 95%] Test-compiling OpenCL program atrous.cl
[ 95%] Built target opencl-program-atrous.cl
[ 95%] Test-compiling OpenCL program basecurve.cl
[ 95%] Built target opencl-program-basecurve.cl
[ 95%] Test-compiling OpenCL program basic.cl
[ 95%] Built target opencl-program-basic.cl
[ 95%] Test-compiling OpenCL program basicadj.cl
[ 95%] Built target opencl-program-basicadj.cl
[ 96%] Test-compiling OpenCL program bilateral.cl
[ 96%] Built target opencl-program-bilateral.cl
[ 96%] Test-compiling OpenCL program blendop.cl
[ 96%] Built target opencl-program-blendop.cl
[ 96%] Test-compiling OpenCL program bloom.cl
[ 96%] Built target opencl-program-bloom.cl
[ 96%] Test-compiling OpenCL program blurs.cl
[ 96%] Built target opencl-program-blurs.cl
[ 96%] Test-compiling OpenCL program bspline.cl
[ 96%] Built target opencl-program-bspline.cl
[ 96%] Test-compiling OpenCL program capture.cl
[ 96%] Built target opencl-program-capture.cl
[ 96%] Test-compiling OpenCL program channelmixer.cl
[ 96%] Built target opencl-program-channelmixer.cl
[ 96%] Test-compiling OpenCL program colorequal.cl
[ 96%] Built target opencl-program-colorequal.cl
[ 96%] Test-compiling OpenCL program colorharmonizer.cl
[ 96%] Built target opencl-program-colorharmonizer.cl
[ 96%] Test-compiling OpenCL program colorreconstruction.cl
[ 96%] Built target opencl-program-colorreconstruction.cl
[ 97%] Test-compiling OpenCL program colorspaces.cl
[ 97%] Built target opencl-program-colorspaces.cl
[ 97%] Test-compiling OpenCL program demosaic_markesteijn.cl
[ 97%] Built target opencl-program-demosaic_markesteijn.cl
[ 97%] Test-compiling OpenCL program demosaic_other.cl
[ 97%] Built target opencl-program-demosaic_other.cl
[ 97%] Test-compiling OpenCL program demosaic_ppg.cl
[ 97%] Built target opencl-program-demosaic_ppg.cl
[ 97%] Test-compiling OpenCL program demosaic_rcd.cl
[ 97%] Built target opencl-program-demosaic_rcd.cl
[ 97%] Test-compiling OpenCL program demosaic_vng.cl
[ 97%] Built target opencl-program-demosaic_vng.cl
[ 97%] Test-compiling OpenCL program denoiseprofile.cl
[ 97%] Built target opencl-program-denoiseprofile.cl
[ 97%] Test-compiling OpenCL program diffuse.cl
[ 97%] Built target opencl-program-diffuse.cl
[ 97%] Test-compiling OpenCL program dwt.cl
[ 97%] Built target opencl-program-dwt.cl
[ 97%] Test-compiling OpenCL program extended.cl
[ 97%] Built target opencl-program-extended.cl
[ 98%] Test-compiling OpenCL program filmic.cl
[ 98%] Built target opencl-program-filmic.cl
[ 98%] Test-compiling OpenCL program gaussian.cl
[ 98%] Built target opencl-program-gaussian.cl
[ 98%] Test-compiling OpenCL program guided_filter.cl
[ 98%] Built target opencl-program-guided_filter.cl
[ 98%] Test-compiling OpenCL program hazeremoval.cl
[ 98%] Built target opencl-program-hazeremoval.cl
[ 98%] Test-compiling OpenCL program highpass.cl
[ 98%] Built target opencl-program-highpass.cl
[ 98%] Test-compiling OpenCL program liquify.cl
[ 98%] Built target opencl-program-liquify.cl
[ 98%] Test-compiling OpenCL program locallaplacian.cl
[ 98%] Built target opencl-program-locallaplacian.cl
[ 98%] Test-compiling OpenCL program lut3d.cl
[ 98%] Built target opencl-program-lut3d.cl
[ 98%] Test-compiling OpenCL program negadoctor.cl
[ 98%] Built target opencl-program-negadoctor.cl
[ 98%] Test-compiling OpenCL program nlmeans.cl
[ 98%] Built target opencl-program-nlmeans.cl
[ 98%] Test-compiling OpenCL program overlay.cl
[ 98%] Built target opencl-program-overlay.cl
[ 99%] Test-compiling OpenCL program retouch.cl
[ 99%] Built target opencl-program-retouch.cl
[ 99%] Test-compiling OpenCL program rgbcurve.cl
[ 99%] Built target opencl-program-rgbcurve.cl
[ 99%] Test-compiling OpenCL program rgblevels.cl
[ 99%] Built target opencl-program-rgblevels.cl
[ 99%] Test-compiling OpenCL program sharpen.cl
[ 99%] Built target opencl-program-sharpen.cl
[ 99%] Test-compiling OpenCL program sigmoid.cl
[ 99%] Built target opencl-program-sigmoid.cl
[ 99%] Built target testcompile_opencl_kernels
[ 99%] Generating darktable-cmstest.1
[ 99%] Built target manpage_darktable-cmstest.1
[ 99%] Generating darktable.1
[ 99%] Built target manpage_darktable.1
[ 99%] Generating darktable-cli.1
[ 99%] Built target manpage_darktable-cli.1
[100%] Generating darktable-generate-cache.1
[100%] Built target manpage_darktable-generate-cache.1
[100%] Generating darktable-cltest.1
[100%] Built target manpage_darktable-cltest.1
[100%] Built target manpages
darktable finished building.
To actually install darktable you need to type:
$ cmake --build "/home/ubuntu/git/darktable/build" --target install -- -j1
[  0%] Updating version string (git checkout)
Version string: 5.6.0
[  0%] Built target create_version_gen
[  0%] Built target generate_version
[  0%] Built target locale_zh_TW
[  0%] Built target locale_cs
[  0%] Built target locale_de
[  0%] Built target locale_en-truecase
[  0%] Built target locale_es
[  0%] Built target locale_fi
[  1%] Built target locale_fr
[  1%] Built target locale_hu
[  1%] Built target locale_ja
[  1%] Built target locale_nb
[  1%] Built target locale_nl
[  1%] Built target locale_pl
[  1%] Built target locale_pt_BR
[  1%] Built target locale_ru
[  1%] Built target locale_sl
[  1%] Built target locale_sq
[  2%] Built target locale_sv
[  2%] Built target locale_uk
[  2%] Built target locale_zh_CN
[  2%] Built target locales
[  2%] Built target generate_styles_string
[  2%] Checking validity of /home/ubuntu/git/darktable/build/share/darktable/darktableconfig.xml
[  2%] Built target validate_darktableconfig_xml
[  2%] Built target generate_conf
[  2%] Built target generate_preferences
[ 10%] Built target raw
[ 12%] Built target rawspeed_decoders
[ 12%] Built target validate-cameras.xml
[ 12%] Built target rawspeed_adt
[ 12%] Built target rawspeed_codes
[ 13%] Built target rawspeed_common
[ 13%] Built target rawspeed_metadata
[ 14%] Built target rawspeed_io
[ 14%] Built target rawspeed_tiff
[ 15%] Built target rawspeed_parsers
[ 18%] Built target rawspeed_decompressors
[ 18%] Built target rawspeed_interpolators
[ 18%] Built target rawspeed
[ 18%] Built target lib_darktable_imageio_rawspeed
[ 18%] Built target generate_authors_h
[ 18%] Built target whereami
[ 19%] Built target darktable_ai
[ 19%] Built target lautoc
[ 41%] Built target lib_darktable
[ 41%] Built target darktable
[ 41%] Built target deploy
[ 41%] Built target xcf
[ 41%] Built target check-rawspeed
[ 41%] Built target dependencies
[ 41%] Built target tests
[ 41%] Built target rawspeed_get_number_of_processor_cores
[ 41%] Built target darktable-rs-identify
[ 41%] Built target darkroom
[ 41%] Built target lighttable
[ 41%] Built target slideshow
[ 41%] Built target map
[ 41%] Built target tethering
[ 41%] Built target print
[ 41%] Built target import
[ 41%] Built target export
[ 42%] Built target copy_history
[ 42%] Built target styles
[ 42%] Built target image
[ 43%] Built target tagging
[ 43%] Built target select
[ 44%] Built target collect
[ 45%] Built target recentcollect
[ 45%] Built target filtering
[ 45%] Built target metadata
[ 45%] Built target metadata_view
[ 45%] Built target navigation
[ 46%] Built target histogram
[ 46%] Built target history
[ 46%] Built target snapshots
[ 46%] Built target modulegroups
[ 46%] Built target backgroundjobs
[ 46%] Built target colorpicker
[ 46%] Built target masks
[ 46%] Built target session
[ 46%] Built target duplicate
[ 46%] Built target ioporder
[ 46%] Built target viewswitcher
[ 46%] Built target darktable_label
[ 46%] Built target colorlabels
[ 46%] Built target ratings
[ 47%] Built target filter
[ 47%] Built target lighttable_mode
[ 47%] Built target view_toolbox
[ 48%] Built target module_toolbox
[ 48%] Built target filmstrip
[ 48%] Built target hinter
[ 48%] Built target global_toolbox
[ 49%] Built target timeline
[ 50%] Built target image_infos
[ 50%] Built target log_history
[ 50%] Built target midi
[ 50%] Built target gamepad
[ 51%] Built target camera
[ 51%] Built target live_view
[ 51%] Built target location
[ 51%] Built target map_settings
[ 51%] Built target map_locations
[ 52%] Built target geotagging
[ 52%] Built target print_settings
[ 53%] Built target neural_restore
[ 54%] Built target colorharmonizer
[ 55%] Built target rawprepare
[ 56%] Built target soften
[ 56%] Built target bloom
[ 56%] Built target highpass
[ 57%] Built target lowpass
[ 57%] Built target shadhi
[ 58%] Built target colorreconstruct
[ 58%] Built target tonemap
[ 58%] Built target tonecurve
[ 58%] Built target colisa
[ 58%] Built target gamma
[ 58%] Built target temperature
[ 58%] Built target colorcorrection
[ 58%] Built target basicadj
[ 58%] Built target exposure
[ 59%] Built target equalizer
[ 60%] Built target rgbcurve
[ 60%] Built target colorbalance
[ 60%] Built target colorin
[ 60%] Built target colorout
[ 61%] Built target colorchecker
[ 61%] Built target clipping
[ 61%] Built target enlargecanvas
[ 61%] Built target crop
[ 62%] Built target sharpen
[ 62%] Built target dither
[ 62%] Built target monochrome
[ 62%] Built target basecurve
[ 62%] Built target colorzones
[ 63%] Built target highlights
[ 64%] Built target overlay
[ 64%] Built target rawoverexposed
[ 64%] Built target velvia
[ 64%] Built target vignette
[ 64%] Built target splittoning
[ 64%] Built target grain
[ 64%] Built target clahe
[ 64%] Built target bilateral
[ 65%] Built target profile_gamma
[ 65%] Built target colortransfer
[ 66%] Built target colormapping
[ 66%] Built target channelmixer
[ 67%] Built target graduatednd
[ 67%] Built target relight
[ 68%] Built target zonesystem
[ 69%] Built target demosaic
[ 69%] Built target rotatepixels
[ 70%] Built target scalepixels
[ 70%] Built target atrous
[ 70%] Built target cacorrect
[ 70%] Built target overexposed
[ 70%] Built target hotpixels
[ 70%] Built target lowlight
[ 70%] Built target spots
[ 70%] Built target retouch
[ 71%] Built target liquify
[ 71%] Built target rawdenoise
[ 71%] Built target borders
[ 71%] Built target nlmeans
[ 71%] Built target colorcontrast
[ 71%] Built target levels
[ 71%] Built target rgblevels
[ 71%] Built target colorize
[ 71%] Built target invert
[ 72%] Built target vibrance
[ 72%] Built target flip
[ 72%] Built target finalscale
[ 72%] Built target globaltonemap
[ 73%] Built target bilat
[ 73%] Built target denoiseprofile
[ 73%] Built target defringe
[ 73%] Built target ashift
[ 73%] Built target hazeremoval
[ 73%] Built target filmic
[ 74%] Built target mask_manager
[ 74%] Built target lut3d
[ 74%] Built target toneequal
[ 74%] Built target filmicrgb
[ 74%] Built target negadoctor
[ 75%] Built target channelmixerrgb
[ 75%] Built target censorize
[ 75%] Built target colorbalancergb
[ 75%] Built target cacorrectrgb
[ 75%] Built target diffuse
[ 76%] Built target blurs
[ 76%] Built target sigmoid
[ 76%] Built target agx
[ 76%] Built target primaries
[ 76%] Built target colorequal
[ 76%] Built target rasterfile
[ 77%] Built target watermark
[ 78%] Built target lens
[ 78%] Built target copy
[ 78%] Built target jpeg
[ 78%] Built target pdf
[ 78%] Built target png
[ 79%] Built target ppm
[ 79%] Built target pfm
[ 79%] Built target tiff
[ 79%] Built target jxl_format
[ 79%] Built target heif_format
[ 79%] Built target webp
[ 80%] Built target exr
[ 81%] Built target j2k
[ 82%] Built target avif_format
[ 82%] Built target gimp_xcf
[ 83%] Built target disk
[ 83%] Built target email
[ 84%] Built target gallery
[ 84%] Built target latex
[ 84%] Built target piwigo
[ 85%] Built target darktable-cltest
[ 85%] Built target darktable-cli
[ 85%] Built target darktable-generate-cache
[ 85%] Built target darktable-cmstest
[ 86%] Built target darktable-chart
[ 94%] Built target raw_r
[ 95%] Checking validity of org.darktable.darktable.desktop
[ 95%] Built target validate_darktable_desktop
[ 95%] Built target darktable.desktop_file
[ 95%] Built target darktable.appdata_file
[ 95%] Checking validity of noiseprofiles.json
/usr/bin/jsonschema:5: DeprecationWarning: The jsonschema CLI is deprecated and will be removed in a future version. Please use check-jsonschema instead, which can be installed from https://pypi.org/project/check-jsonschema/
  from jsonschema.cli import main
[ 95%] Built target validate_noiseprofiles_json
[ 95%] Checking validity of wb_presets.json
/usr/bin/jsonschema:5: DeprecationWarning: The jsonschema CLI is deprecated and will be removed in a future version. Please use check-jsonschema instead, which can be installed from https://pypi.org/project/check-jsonschema/
  from jsonschema.cli import main
[ 95%] Built target validate_wbpresets_json
[ 95%] Built target darktablerc_file
[ 95%] Built target opencl-program-soften.cl
[ 95%] Built target opencl-program-agx.cl
[ 95%] Built target opencl-program-atrous.cl
[ 95%] Built target opencl-program-basecurve.cl
[ 95%] Built target opencl-program-basic.cl
[ 95%] Built target opencl-program-basicadj.cl
[ 96%] Built target opencl-program-bilateral.cl
[ 96%] Built target opencl-program-blendop.cl
[ 96%] Built target opencl-program-bloom.cl
[ 96%] Built target opencl-program-blurs.cl
[ 96%] Built target opencl-program-bspline.cl
[ 96%] Built target opencl-program-capture.cl
[ 96%] Built target opencl-program-channelmixer.cl
[ 96%] Built target opencl-program-colorequal.cl
[ 96%] Built target opencl-program-colorharmonizer.cl
[ 96%] Built target opencl-program-colorreconstruction.cl
[ 97%] Built target opencl-program-colorspaces.cl
[ 97%] Built target opencl-program-demosaic_markesteijn.cl
[ 97%] Built target opencl-program-demosaic_other.cl
[ 97%] Built target opencl-program-demosaic_ppg.cl
[ 97%] Built target opencl-program-demosaic_rcd.cl
[ 97%] Built target opencl-program-demosaic_vng.cl
[ 97%] Built target opencl-program-denoiseprofile.cl
[ 97%] Built target opencl-program-diffuse.cl
[ 97%] Built target opencl-program-dwt.cl
[ 97%] Built target opencl-program-extended.cl
[ 98%] Built target opencl-program-filmic.cl
[ 98%] Built target opencl-program-gaussian.cl
[ 98%] Built target opencl-program-guided_filter.cl
[ 98%] Built target opencl-program-hazeremoval.cl
[ 98%] Built target opencl-program-highpass.cl
[ 98%] Built target opencl-program-liquify.cl
[ 98%] Built target opencl-program-locallaplacian.cl
[ 98%] Built target opencl-program-lut3d.cl
[ 98%] Built target opencl-program-negadoctor.cl
[ 98%] Built target opencl-program-nlmeans.cl
[ 98%] Built target opencl-program-overlay.cl
[ 99%] Built target opencl-program-retouch.cl
[ 99%] Built target opencl-program-rgbcurve.cl
[ 99%] Built target opencl-program-rgblevels.cl
[ 99%] Built target opencl-program-sharpen.cl
[ 99%] Built target opencl-program-sigmoid.cl
[ 99%] Built target testcompile_opencl_kernels
[ 99%] Built target manpage_darktable-cmstest.1
[ 99%] Built target manpage_darktable.1
[ 99%] Built target manpage_darktable-cli.1
[100%] Built target manpage_darktable-generate-cache.1
[100%] Built target manpage_darktable-cltest.1
[100%] Built target manpages
Install the project...
-- Install configuration: "RelWithDebInfo"
-- Installing: /home/ubuntu/programmer/darktable-5.6.0/share/locale/cs/LC_MESSAGES/darktable.mo
-- Installing: /home/ubuntu/programmer/darktable-5.6.0/share/locale/de/LC_MESSAGES/darktable.mo
-- Installing: /home/ubuntu/programmer/darktable-5.6.0/share/locale/en@truecase/LC_MESSAGES/darktable.mo
-- Installing: /home/ubuntu/programmer/darktable-5.6.0/share/locale/es/LC_MESSAGES/darktable.mo
-- Installing: /home/ubuntu/programmer/darktable-5.6.0/share/locale/fi/LC_MESSAGES/darktable.mo
-- Installing: /home/ubuntu/programmer/darktable-5.6.0/share/locale/fr/LC_MESSAGES/darktable.mo
-- Installing: /home/ubuntu/programmer/darktable-5.6.0/share/locale/hu/LC_MESSAGES/darktable.mo
-- Installing: /home/ubuntu/programmer/darktable-5.6.0/share/locale/ja/LC_MESSAGES/darktable.mo
-- Installing: /home/ubuntu/programmer/darktable-5.6.0/share/locale/nb/LC_MESSAGES/darktable.mo
-- Installing: /home/ubuntu/programmer/darktable-5.6.0/share/locale/nl/LC_MESSAGES/darktable.mo
-- Installing: /home/ubuntu/programmer/darktable-5.6.0/share/locale/pl/LC_MESSAGES/darktable.mo
-- Installing: /home/ubuntu/programmer/darktable-5.6.0/share/locale/pt_BR/LC_MESSAGES/darktable.mo
-- Installing: /home/ubuntu/programmer/darktable-5.6.0/share/locale/ru/LC_MESSAGES/darktable.mo
-- Installing: /home/ubuntu/programmer/darktable-5.6.0/share/locale/sl/LC_MESSAGES/darktable.mo
-- Installing: /home/ubuntu/programmer/darktable-5.6.0/share/locale/sq/LC_MESSAGES/darktable.mo
-- Installing: /home/ubuntu/programmer/darktable-5.6.0/share/locale/sv/LC_MESSAGES/darktable.mo
-- Installing: /home/ubuntu/programmer/darktable-5.6.0/share/locale/uk/LC_MESSAGES/darktable.mo
-- Installing: /home/ubuntu/programmer/darktable-5.6.0/share/locale/zh_CN/LC_MESSAGES/darktable.mo
-- Installing: /home/ubuntu/programmer/darktable-5.6.0/share/locale/zh_TW/LC_MESSAGES/darktable.mo
-- Installing: /home/ubuntu/programmer/darktable-5.6.0/bin/darktable-rs-identify
-- Installing: /home/ubuntu/programmer/darktable-5.6.0/share/darktable/rawspeed/cameras.xml
-- Installing: /home/ubuntu/programmer/darktable-5.6.0/share/darktable/rawspeed/showcameras.xsl
-- Installing: /home/ubuntu/programmer/darktable-5.6.0/share/darktable/lua-scripts
-- Installing: /home/ubuntu/programmer/darktable-5.6.0/share/darktable/lua-scripts/lib
-- Installing: /home/ubuntu/programmer/darktable-5.6.0/share/darktable/lua-scripts/lib/dtutils.lua
-- Installing: /home/ubuntu/programmer/darktable-5.6.0/share/darktable/lua-scripts/lib/dtutils
-- Installing: /home/ubuntu/programmer/darktable-5.6.0/share/darktable/lua-scripts/lib/dtutils/system.lua
-- Installing: /home/ubuntu/programmer/darktable-5.6.0/share/darktable/lua-scripts/lib/dtutils/string.lua
-- Installing: /home/ubuntu/programmer/darktable-5.6.0/share/darktable/lua-scripts/lib/dtutils/debug.lua
-- Installing: /home/ubuntu/programmer/darktable-5.6.0/share/darktable/lua-scripts/lib/dtutils/file.lua
-- Installing: /home/ubuntu/programmer/darktable-5.6.0/share/darktable/lua-scripts/lib/dtutils/log.lua
-- Installing: /home/ubuntu/programmer/darktable-5.6.0/share/darktable/lua-scripts/examples
-- Installing: /home/ubuntu/programmer/darktable-5.6.0/share/darktable/lua-scripts/examples/running_os.lua
-- Installing: /home/ubuntu/programmer/darktable-5.6.0/share/darktable/lua-scripts/examples/multi_os.lua
-- Installing: /home/ubuntu/programmer/darktable-5.6.0/share/darktable/lua-scripts/examples/hello_world.lua
-- Installing: /home/ubuntu/programmer/darktable-5.6.0/share/darktable/lua-scripts/examples/moduleExample.lua
-- Installing: /home/ubuntu/programmer/darktable-5.6.0/share/darktable/lua-scripts/examples/ai_raw_denoise.lua
-- Installing: /home/ubuntu/programmer/darktable-5.6.0/share/darktable/lua-scripts/examples/lighttable_demo.lua
-- Installing: /home/ubuntu/programmer/darktable-5.6.0/share/darktable/lua-scripts/examples/ai_denoise.lua
-- Installing: /home/ubuntu/programmer/darktable-5.6.0/share/darktable/lua-scripts/examples/gettextExample.lua
-- Installing: /home/ubuntu/programmer/darktable-5.6.0/share/darktable/lua-scripts/examples/panels_demo.lua
-- Installing: /home/ubuntu/programmer/darktable-5.6.0/share/darktable/lua-scripts/examples/darkroom_demo.lua
-- Installing: /home/ubuntu/programmer/darktable-5.6.0/share/darktable/lua-scripts/examples/gui_action.lua
-- Installing: /home/ubuntu/programmer/darktable-5.6.0/share/darktable/lua-scripts/examples/de_DE
-- Installing: /home/ubuntu/programmer/darktable-5.6.0/share/darktable/lua-scripts/examples/de_DE/LC_MESSAGES
-- Installing: /home/ubuntu/programmer/darktable-5.6.0/share/darktable/lua-scripts/examples/de_DE/LC_MESSAGES/gettextExample.po
-- Installing: /home/ubuntu/programmer/darktable-5.6.0/share/darktable/lua-scripts/examples/x-touch.lua
-- Installing: /home/ubuntu/programmer/darktable-5.6.0/share/darktable/lua-scripts/examples/preferenceExamples.lua
-- Installing: /home/ubuntu/programmer/darktable-5.6.0/share/darktable/lua-scripts/examples/printExamples.lua
-- Installing: /home/ubuntu/programmer/darktable-5.6.0/share/darktable/lua-scripts/examples/api_version.lua
-- Installing: /home/ubuntu/programmer/darktable-5.6.0/share/darktable/lua-scripts/data
-- Installing: /home/ubuntu/programmer/darktable-5.6.0/share/darktable/lua-scripts/data/icons
-- Installing: /home/ubuntu/programmer/darktable-5.6.0/share/darktable/lua-scripts/data/icons/blank20.png
-- Installing: /home/ubuntu/programmer/darktable-5.6.0/share/darktable/lua-scripts/data/icons/path20.png
-- Installing: /home/ubuntu/programmer/darktable-5.6.0/share/darktable/lua-scripts/data/website_gallery
-- Installing: /home/ubuntu/programmer/darktable-5.6.0/share/darktable/lua-scripts/data/website_gallery/css
-- Installing: /home/ubuntu/programmer/darktable-5.6.0/share/darktable/lua-scripts/data/website_gallery/css/style.css
-- Installing: /home/ubuntu/programmer/darktable-5.6.0/share/darktable/lua-scripts/data/website_gallery/css/gallery.css
-- Installing: /home/ubuntu/programmer/darktable-5.6.0/share/darktable/lua-scripts/data/website_gallery/css/modal.css
-- Installing: /home/ubuntu/programmer/darktable-5.6.0/share/darktable/lua-scripts/data/website_gallery/js
-- Installing: /home/ubuntu/programmer/darktable-5.6.0/share/darktable/lua-scripts/data/website_gallery/js/gallery.js
-- Installing: /home/ubuntu/programmer/darktable-5.6.0/share/darktable/lua-scripts/data/website_gallery/js/fullscreen.js
-- Installing: /home/ubuntu/programmer/darktable-5.6.0/share/darktable/lua-scripts/data/website_gallery/js/modal.js
-- Installing: /home/ubuntu/programmer/darktable-5.6.0/share/darktable/lua-scripts/data/website_gallery/index.html
-- Installing: /home/ubuntu/programmer/darktable-5.6.0/share/darktable/lua-scripts/locale
-- Installing: /home/ubuntu/programmer/darktable-5.6.0/share/darktable/lua-scripts/locale/fr_FR
-- Installing: /home/ubuntu/programmer/darktable-5.6.0/share/darktable/lua-scripts/locale/fr_FR/LC_MESSAGES
-- Installing: /home/ubuntu/programmer/darktable-5.6.0/share/darktable/lua-scripts/locale/fr_FR/LC_MESSAGES/select_untagged.po
-- Installing: /home/ubuntu/programmer/darktable-5.6.0/share/darktable/lua-scripts/locale/fr_FR/LC_MESSAGES/clear_GPS.po
-- Installing: /home/ubuntu/programmer/darktable-5.6.0/share/darktable/lua-scripts/locale/fr_FR/LC_MESSAGES/geo_uri.po
-- Installing: /home/ubuntu/programmer/darktable-5.6.0/share/darktable/lua-scripts/locale/fr_FR/LC_MESSAGES/copy_paste_metadata.po
-- Installing: /home/ubuntu/programmer/darktable-5.6.0/share/darktable/lua-scripts/locale/fr_FR/LC_MESSAGES/kml_export.po
-- Installing: /home/ubuntu/programmer/darktable-5.6.0/share/darktable/lua-scripts/locale/fr_FR/LC_MESSAGES/photils.po
-- Installing: /home/ubuntu/programmer/darktable-5.6.0/share/darktable/lua-scripts/locale/fr_FR/LC_MESSAGES/slideshowMusic.po
-- Installing: /home/ubuntu/programmer/darktable-5.6.0/share/darktable/lua-scripts/locale/fr_FR/LC_MESSAGES/calcDistance.po
-- Installing: /home/ubuntu/programmer/darktable-5.6.0/share/darktable/lua-scripts/locale/fr_FR/LC_MESSAGES/gps_select.po
-- Installing: /home/ubuntu/programmer/darktable-5.6.0/share/darktable/lua-scripts/locale/fr_FR/LC_MESSAGES/OpenInExplorer.po
-- Installing: /home/ubuntu/programmer/darktable-5.6.0/share/darktable/lua-scripts/locale/fr_FR/LC_MESSAGES/script_manager.po
-- Installing: /home/ubuntu/programmer/darktable-5.6.0/share/darktable/lua-scripts/locale/fr_FR/LC_MESSAGES/gimp.po
-- Installing: /home/ubuntu/programmer/darktable-5.6.0/share/darktable/lua-scripts/locale/fr_FR/LC_MESSAGES/hugin.po
-- Installing: /home/ubuntu/programmer/darktable-5.6.0/share/darktable/lua-scripts/locale/fr_FR/LC_MESSAGES/pdf_slideshow.po
-- Installing: /home/ubuntu/programmer/darktable-5.6.0/share/darktable/lua-scripts/locale/fr_FR/LC_MESSAGES/copy_attach_detach_tags.po
-- Installing: /home/ubuntu/programmer/darktable-5.6.0/share/darktable/lua-scripts/locale/pt_BR
-- Installing: /home/ubuntu/programmer/darktable-5.6.0/share/darktable/lua-scripts/locale/pt_BR/LC_MESSAGES
-- Installing: /home/ubuntu/programmer/darktable-5.6.0/share/darktable/lua-scripts/locale/pt_BR/LC_MESSAGES/select_untagged.po
-- Installing: /home/ubuntu/programmer/darktable-5.6.0/share/darktable/lua-scripts/locale/pt_BR/LC_MESSAGES/clear_GPS.po
-- Installing: /home/ubuntu/programmer/darktable-5.6.0/share/darktable/lua-scripts/locale/pt_BR/LC_MESSAGES/fujifilm_ratings.po
-- Installing: /home/ubuntu/programmer/darktable-5.6.0/share/darktable/lua-scripts/locale/pt_BR/LC_MESSAGES/copy_paste_metadata.po
-- Installing: /home/ubuntu/programmer/darktable-5.6.0/share/darktable/lua-scripts/locale/pt_BR/LC_MESSAGES/rename_images.po
-- Installing: /home/ubuntu/programmer/darktable-5.6.0/share/darktable/lua-scripts/locale/pt_BR/LC_MESSAGES/kml_export.po
-- Installing: /home/ubuntu/programmer/darktable-5.6.0/share/darktable/lua-scripts/locale/pt_BR/LC_MESSAGES/color_profile_manager.po
-- Installing: /home/ubuntu/programmer/darktable-5.6.0/share/darktable/lua-scripts/locale/pt_BR/LC_MESSAGES/harmonic_armature_guide.po
-- Installing: /home/ubuntu/programmer/darktable-5.6.0/share/darktable/lua-scripts/locale/pt_BR/LC_MESSAGES/image_time.po
-- Installing: /home/ubuntu/programmer/darktable-5.6.0/share/darktable/lua-scripts/locale/pt_BR/LC_MESSAGES/executable_manager.po
-- Installing: /home/ubuntu/programmer/darktable-5.6.0/share/darktable/lua-scripts/locale/pt_BR/LC_MESSAGES/passport_guide.po
-- Installing: /home/ubuntu/programmer/darktable-5.6.0/share/darktable/lua-scripts/locale/pt_BR/LC_MESSAGES/face_recognition.po
-- Installing: /home/ubuntu/programmer/darktable-5.6.0/share/darktable/lua-scripts/locale/pt_BR/LC_MESSAGES/exportLUT.po
-- Installing: /home/ubuntu/programmer/darktable-5.6.0/share/darktable/lua-scripts/locale/pt_BR/LC_MESSAGES/enfuse.po
-- Installing: /home/ubuntu/programmer/darktable-5.6.0/share/darktable/lua-scripts/locale/pt_BR/LC_MESSAGES/quicktag.po
-- Installing: /home/ubuntu/programmer/darktable-5.6.0/share/darktable/lua-scripts/locale/pt_BR/LC_MESSAGES/geoJSON_export.po
-- Installing: /home/ubuntu/programmer/darktable-5.6.0/share/darktable/lua-scripts/locale/pt_BR/LC_MESSAGES/transfer_hierarchy.po
-- Installing: /home/ubuntu/programmer/darktable-5.6.0/share/darktable/lua-scripts/locale/pt_BR/LC_MESSAGES/enfuseAdvanced.po
-- Installing: /home/ubuntu/programmer/darktable-5.6.0/share/darktable/lua-scripts/locale/pt_BR/LC_MESSAGES/photils.po
-- Installing: /home/ubuntu/programmer/darktable-5.6.0/share/darktable/lua-scripts/locale/pt_BR/LC_MESSAGES/slideshowMusic.po
-- Installing: /home/ubuntu/programmer/darktable-5.6.0/share/darktable/lua-scripts/locale/pt_BR/LC_MESSAGES/OpenInExplorer.po
-- Installing: /home/ubuntu/programmer/darktable-5.6.0/share/darktable/lua-scripts/locale/pt_BR/LC_MESSAGES/geoToolbox.po
-- Installing: /home/ubuntu/programmer/darktable-5.6.0/share/darktable/lua-scripts/locale/pt_BR/LC_MESSAGES/gpx_export.po
-- Installing: /home/ubuntu/programmer/darktable-5.6.0/share/darktable/lua-scripts/locale/pt_BR/LC_MESSAGES/RL_out_sharp.po
-- Installing: /home/ubuntu/programmer/darktable-5.6.0/share/darktable/lua-scripts/locale/pt_BR/LC_MESSAGES/CollectHelper.po
-- Installing: /home/ubuntu/programmer/darktable-5.6.0/share/darktable/lua-scripts/locale/pt_BR/LC_MESSAGES/script_manager.po
-- Installing: /home/ubuntu/programmer/darktable-5.6.0/share/darktable/lua-scripts/locale/pt_BR/LC_MESSAGES/video_ffmpeg.po
-- Installing: /home/ubuntu/programmer/darktable-5.6.0/share/darktable/lua-scripts/locale/pt_BR/LC_MESSAGES/ext_editor.po
-- Installing: /home/ubuntu/programmer/darktable-5.6.0/share/darktable/lua-scripts/locale/pt_BR/LC_MESSAGES/gimp.po
-- Installing: /home/ubuntu/programmer/darktable-5.6.0/share/darktable/lua-scripts/locale/pt_BR/LC_MESSAGES/image_stack.po
-- Installing: /home/ubuntu/programmer/darktable-5.6.0/share/darktable/lua-scripts/locale/pt_BR/LC_MESSAGES/hugin.po
-- Installing: /home/ubuntu/programmer/darktable-5.6.0/share/darktable/lua-scripts/locale/pt_BR/LC_MESSAGES/pdf_slideshow.po
-- Installing: /home/ubuntu/programmer/darktable-5.6.0/share/darktable/lua-scripts/locale/pt_BR/LC_MESSAGES/AutoGrouper.po
-- Installing: /home/ubuntu/programmer/darktable-5.6.0/share/darktable/lua-scripts/locale/pt_BR/LC_MESSAGES/copy_attach_detach_tags.po
-- Installing: /home/ubuntu/programmer/darktable-5.6.0/share/darktable/lua-scripts/locale/pt_BR/LC_MESSAGES/HDRMerge.po
-- Installing: /home/ubuntu/programmer/darktable-5.6.0/share/darktable/lua-scripts/locale/de_DE
-- Installing: /home/ubuntu/programmer/darktable-5.6.0/share/darktable/lua-scripts/locale/de_DE/LC_MESSAGES
-- Installing: /home/ubuntu/programmer/darktable-5.6.0/share/darktable/lua-scripts/locale/de_DE/LC_MESSAGES/select_untagged.po
-- Installing: /home/ubuntu/programmer/darktable-5.6.0/share/darktable/lua-scripts/locale/de_DE/LC_MESSAGES/clear_GPS.po
-- Installing: /home/ubuntu/programmer/darktable-5.6.0/share/darktable/lua-scripts/locale/de_DE/LC_MESSAGES/geo_uri.po
-- Installing: /home/ubuntu/programmer/darktable-5.6.0/share/darktable/lua-scripts/locale/de_DE/LC_MESSAGES/kml_export.po
-- Installing: /home/ubuntu/programmer/darktable-5.6.0/share/darktable/lua-scripts/locale/de_DE/LC_MESSAGES/select_non_existing.po
-- Installing: /home/ubuntu/programmer/darktable-5.6.0/share/darktable/lua-scripts/locale/de_DE/LC_MESSAGES/quicktag.po
-- Installing: /home/ubuntu/programmer/darktable-5.6.0/share/darktable/lua-scripts/locale/de_DE/LC_MESSAGES/photils.po
-- Installing: /home/ubuntu/programmer/darktable-5.6.0/share/darktable/lua-scripts/locale/de_DE/LC_MESSAGES/slideshowMusic.po
-- Installing: /home/ubuntu/programmer/darktable-5.6.0/share/darktable/lua-scripts/locale/de_DE/LC_MESSAGES/calcDistance.po
-- Installing: /home/ubuntu/programmer/darktable-5.6.0/share/darktable/lua-scripts/locale/de_DE/LC_MESSAGES/gps_select.po
-- Installing: /home/ubuntu/programmer/darktable-5.6.0/share/darktable/lua-scripts/locale/de_DE/LC_MESSAGES/OpenInExplorer.po
-- Installing: /home/ubuntu/programmer/darktable-5.6.0/share/darktable/lua-scripts/locale/de_DE/LC_MESSAGES/gimp.po
-- Installing: /home/ubuntu/programmer/darktable-5.6.0/share/darktable/lua-scripts/locale/de_DE/LC_MESSAGES/hugin.po
-- Installing: /home/ubuntu/programmer/darktable-5.6.0/share/darktable/lua-scripts/locale/de_DE/LC_MESSAGES/copy_attach_detach_tags.po
-- Installing: /home/ubuntu/programmer/darktable-5.6.0/share/darktable/lua-scripts/locale/it_IT
-- Installing: /home/ubuntu/programmer/darktable-5.6.0/share/darktable/lua-scripts/locale/it_IT/LC_MESSAGES
-- Installing: /home/ubuntu/programmer/darktable-5.6.0/share/darktable/lua-scripts/locale/it_IT/LC_MESSAGES/executable_manager.po
-- Installing: /home/ubuntu/programmer/darktable-5.6.0/share/darktable/lua-scripts/locale/it_IT/LC_MESSAGES/script_manager.po
-- Installing: /home/ubuntu/programmer/darktable-5.6.0/share/darktable/lua-scripts/locale/it_IT/LC_MESSAGES/ext_editor.po
-- Installing: /home/ubuntu/programmer/darktable-5.6.0/share/darktable/lua-scripts/tools
-- Installing: /home/ubuntu/programmer/darktable-5.6.0/share/darktable/lua-scripts/tools/executable_manager.lua
-- Installing: /home/ubuntu/programmer/darktable-5.6.0/share/darktable/lua-scripts/tools/get_libdoc.lua
-- Installing: /home/ubuntu/programmer/darktable-5.6.0/share/darktable/lua-scripts/tools/script_manager.lua
-- Installing: /home/ubuntu/programmer/darktable-5.6.0/share/darktable/lua-scripts/tools/get_lib_manpages.lua
-- Installing: /home/ubuntu/programmer/darktable-5.6.0/share/darktable/lua-scripts/contrib
-- Installing: /home/ubuntu/programmer/darktable-5.6.0/share/darktable/lua-scripts/contrib/select_untagged.lua
-- Installing: /home/ubuntu/programmer/darktable-5.6.0/share/darktable/lua-scripts/contrib/OpenInExplorer.lua
-- Installing: /home/ubuntu/programmer/darktable-5.6.0/share/darktable/lua-scripts/contrib/toggle_group_view.lua
-- Installing: /home/ubuntu/programmer/darktable-5.6.0/share/darktable/lua-scripts/contrib/copy_attach_detach_tags.lua
-- Installing: /home/ubuntu/programmer/darktable-5.6.0/share/darktable/lua-scripts/contrib/hif_group_leader.lua
-- Installing: /home/ubuntu/programmer/darktable-5.6.0/share/darktable/lua-scripts/contrib/face_recognition.lua
-- Installing: /home/ubuntu/programmer/darktable-5.6.0/share/darktable/lua-scripts/contrib/passport_guide.lua
-- Installing: /home/ubuntu/programmer/darktable-5.6.0/share/darktable/lua-scripts/contrib/ultrahdr.lua
-- Installing: /home/ubuntu/programmer/darktable-5.6.0/share/darktable/lua-scripts/contrib/cr2hdr.lua
-- Installing: /home/ubuntu/programmer/darktable-5.6.0/share/darktable/lua-scripts/contrib/rename_images.lua
-- Installing: /home/ubuntu/programmer/darktable-5.6.0/share/darktable/lua-scripts/contrib/hugin.lua
-- Installing: /home/ubuntu/programmer/darktable-5.6.0/share/darktable/lua-scripts/contrib/video_ffmpeg.lua
-- Installing: /home/ubuntu/programmer/darktable-5.6.0/share/darktable/lua-scripts/contrib/clear_GPS.lua
-- Installing: /home/ubuntu/programmer/darktable-5.6.0/share/darktable/lua-scripts/contrib/rate_group.lua
-- Installing: /home/ubuntu/programmer/darktable-5.6.0/share/darktable/lua-scripts/contrib/gpx_export.lua
-- Installing: /home/ubuntu/programmer/darktable-5.6.0/share/darktable/lua-scripts/contrib/autostyle.lua
-- Installing: /home/ubuntu/programmer/darktable-5.6.0/share/darktable/lua-scripts/contrib/passport_guide_germany.lua
-- Installing: /home/ubuntu/programmer/darktable-5.6.0/share/darktable/lua-scripts/contrib/harmonic_armature_guide.lua
-- Installing: /home/ubuntu/programmer/darktable-5.6.0/share/darktable/lua-scripts/contrib/README
-- Installing: /home/ubuntu/programmer/darktable-5.6.0/share/darktable/lua-scripts/contrib/photils.lua
-- Installing: /home/ubuntu/programmer/darktable-5.6.0/share/darktable/lua-scripts/contrib/website_gallery_export.lua
-- Installing: /home/ubuntu/programmer/darktable-5.6.0/share/darktable/lua-scripts/contrib/selected_image_visible.lua
-- Installing: /home/ubuntu/programmer/darktable-5.6.0/share/darktable/lua-scripts/contrib/geoJSON_export.lua
-- Installing: /home/ubuntu/programmer/darktable-5.6.0/share/darktable/lua-scripts/contrib/jpg_group_leader.lua
-- Installing: /home/ubuntu/programmer/darktable-5.6.0/share/darktable/lua-scripts/contrib/auto_snapshot.lua
-- Installing: /home/ubuntu/programmer/darktable-5.6.0/share/darktable/lua-scripts/contrib/CollectHelper.lua
-- Installing: /home/ubuntu/programmer/darktable-5.6.0/share/darktable/lua-scripts/contrib/fujifilm_dynamic_range.lua
-- Installing: /home/ubuntu/programmer/darktable-5.6.0/share/darktable/lua-scripts/contrib/cycle_group_leader.lua
-- Installing: /home/ubuntu/programmer/darktable-5.6.0/share/darktable/lua-scripts/contrib/RL_out_sharp.lua
-- Installing: /home/ubuntu/programmer/darktable-5.6.0/share/darktable/lua-scripts/contrib/select_non_existing.lua
-- Installing: /home/ubuntu/programmer/darktable-5.6.0/share/darktable/lua-scripts/contrib/exportLUT.lua
-- Installing: /home/ubuntu/programmer/darktable-5.6.0/share/darktable/lua-scripts/contrib/color_profile_manager.lua
-- Installing: /home/ubuntu/programmer/darktable-5.6.0/share/darktable/lua-scripts/contrib/dbmaint.lua
-- Installing: /home/ubuntu/programmer/darktable-5.6.0/share/darktable/lua-scripts/contrib/geoToolbox.lua
-- Installing: /home/ubuntu/programmer/darktable-5.6.0/share/darktable/lua-scripts/contrib/quicktag.lua
-- Installing: /home/ubuntu/programmer/darktable-5.6.0/share/darktable/lua-scripts/contrib/AutoGrouper.lua
-- Installing: /home/ubuntu/programmer/darktable-5.6.0/share/darktable/lua-scripts/contrib/pdf_slideshow.lua
-- Installing: /home/ubuntu/programmer/darktable-5.6.0/share/darktable/lua-scripts/contrib/slideshowMusic.lua
-- Installing: /home/ubuntu/programmer/darktable-5.6.0/share/darktable/lua-scripts/contrib/fujifilm_ratings.lua
-- Installing: /home/ubuntu/programmer/darktable-5.6.0/share/darktable/lua-scripts/contrib/LabelsToTags.lua
-- Installing: /home/ubuntu/programmer/darktable-5.6.0/share/darktable/lua-scripts/contrib/enfuseAdvanced.lua
-- Installing: /home/ubuntu/programmer/darktable-5.6.0/share/darktable/lua-scripts/contrib/image_time.lua
-- Installing: /home/ubuntu/programmer/darktable-5.6.0/share/darktable/lua-scripts/contrib/HDRMerge.lua
-- Installing: /home/ubuntu/programmer/darktable-5.6.0/share/darktable/lua-scripts/contrib/change_group_leader.lua
-- Installing: /home/ubuntu/programmer/darktable-5.6.0/share/darktable/lua-scripts/contrib/ext_editor.lua
-- Installing: /home/ubuntu/programmer/darktable-5.6.0/share/darktable/lua-scripts/contrib/auto_tag_modified.lua
-- Installing: /home/ubuntu/programmer/darktable-5.6.0/share/darktable/lua-scripts/contrib/transfer_hierarchy.lua
-- Installing: /home/ubuntu/programmer/darktable-5.6.0/share/darktable/lua-scripts/contrib/rename-tags.lua
-- Installing: /home/ubuntu/programmer/darktable-5.6.0/share/darktable/lua-scripts/contrib/image_stack.lua
-- Installing: /home/ubuntu/programmer/darktable-5.6.0/share/darktable/lua-scripts/contrib/kml_export.lua
-- Installing: /home/ubuntu/programmer/darktable-5.6.0/share/darktable/lua-scripts/contrib/gimp.lua
-- Installing: /home/ubuntu/programmer/darktable-5.6.0/share/darktable/lua-scripts/ChangeLog.md
-- Installing: /home/ubuntu/programmer/darktable-5.6.0/share/darktable/lua-scripts/official
-- Installing: /home/ubuntu/programmer/darktable-5.6.0/share/darktable/lua-scripts/official/selection2collection.lua
-- Installing: /home/ubuntu/programmer/darktable-5.6.0/share/darktable/lua-scripts/official/group_persistence.lua
-- Installing: /home/ubuntu/programmer/darktable-5.6.0/share/darktable/lua-scripts/official/select_raw_non_raw.lua
-- Installing: /home/ubuntu/programmer/darktable-5.6.0/share/darktable/lua-scripts/official/regenerate_thumbnails.lua
-- Installing: /home/ubuntu/programmer/darktable-5.6.0/share/darktable/lua-scripts/official/extract_burst_roll_images.lua
-- Installing: /home/ubuntu/programmer/darktable-5.6.0/share/darktable/lua-scripts/official/select_duplicates.lua
-- Installing: /home/ubuntu/programmer/darktable-5.6.0/share/darktable/lua-scripts/official/select_unaltered.lua
-- Installing: /home/ubuntu/programmer/darktable-5.6.0/share/darktable/lua-scripts/official/image_path_in_ui.lua
-- Installing: /home/ubuntu/programmer/darktable-5.6.0/share/darktable/lua-scripts/official/import_filters.lua
-- Installing: /home/ubuntu/programmer/darktable-5.6.0/share/darktable/lua-scripts/official/save_selection.lua
-- Installing: /home/ubuntu/programmer/darktable-5.6.0/share/darktable/lua-scripts/official/README
-- Installing: /home/ubuntu/programmer/darktable-5.6.0/share/darktable/lua-scripts/official/import_filter_manager.lua
-- Installing: /home/ubuntu/programmer/darktable-5.6.0/share/darktable/lua-scripts/official/apply_camera_style.lua
-- Installing: /home/ubuntu/programmer/darktable-5.6.0/share/darktable/lua-scripts/official/delete_long_tags.lua
-- Installing: /home/ubuntu/programmer/darktable-5.6.0/share/darktable/lua-scripts/official/selection_to_pdf.lua
-- Installing: /home/ubuntu/programmer/darktable-5.6.0/share/darktable/lua-scripts/official/use_paired_jpg_as_mipmap.lua
-- Installing: /home/ubuntu/programmer/darktable-5.6.0/share/darktable/lua-scripts/official/scheduler.lua
-- Installing: /home/ubuntu/programmer/darktable-5.6.0/share/darktable/lua-scripts/official/recent_bookmarks.lua
-- Installing: /home/ubuntu/programmer/darktable-5.6.0/share/darktable/lua-scripts/official/enfuse.lua
-- Installing: /home/ubuntu/programmer/darktable-5.6.0/share/darktable/lua-scripts/official/auto_straighten.lua
-- Installing: /home/ubuntu/programmer/darktable-5.6.0/share/darktable/lua-scripts/official/check_for_updates.lua
-- Installing: /home/ubuntu/programmer/darktable-5.6.0/share/darktable/lua-scripts/official/generate_image_txt.lua
-- Installing: /home/ubuntu/programmer/darktable-5.6.0/share/darktable/lua-scripts/official/delete_unused_tags.lua
-- Installing: /home/ubuntu/programmer/darktable-5.6.0/share/darktable/lua-scripts/official/copy_paste_metadata.lua
-- Installing: /home/ubuntu/programmer/darktable-5.6.0/share/darktable/lua-scripts/README.md
-- Installing: /home/ubuntu/programmer/darktable-5.6.0/lib/darktable/libonnxruntime.so
-- Installing: /home/ubuntu/programmer/darktable-5.6.0/lib/darktable/libonnxruntime.so.1
-- Installing: /home/ubuntu/programmer/darktable-5.6.0/lib/darktable/libonnxruntime.so.1.24.4
-- Installing: /home/ubuntu/programmer/darktable-5.6.0/lib/darktable/libdarktable.so
-- Set non-toolchain portion of runtime path of "/home/ubuntu/programmer/darktable-5.6.0/lib/darktable/libdarktable.so" to "$ORIGIN"
-- Installing: /home/ubuntu/programmer/darktable-5.6.0/lib/darktable/views/libdarkroom.so
-- Set non-toolchain portion of runtime path of "/home/ubuntu/programmer/darktable-5.6.0/lib/darktable/views/libdarkroom.so" to "$ORIGIN/.."
-- Installing: /home/ubuntu/programmer/darktable-5.6.0/lib/darktable/views/liblighttable.so
-- Set non-toolchain portion of runtime path of "/home/ubuntu/programmer/darktable-5.6.0/lib/darktable/views/liblighttable.so" to "$ORIGIN/.."
-- Installing: /home/ubuntu/programmer/darktable-5.6.0/lib/darktable/views/libslideshow.so
-- Set non-toolchain portion of runtime path of "/home/ubuntu/programmer/darktable-5.6.0/lib/darktable/views/libslideshow.so" to "$ORIGIN/.."
-- Installing: /home/ubuntu/programmer/darktable-5.6.0/lib/darktable/views/libmap.so
-- Set non-toolchain portion of runtime path of "/home/ubuntu/programmer/darktable-5.6.0/lib/darktable/views/libmap.so" to "$ORIGIN/.."
-- Installing: /home/ubuntu/programmer/darktable-5.6.0/lib/darktable/views/libtethering.so
-- Set non-toolchain portion of runtime path of "/home/ubuntu/programmer/darktable-5.6.0/lib/darktable/views/libtethering.so" to "$ORIGIN/.."
-- Installing: /home/ubuntu/programmer/darktable-5.6.0/lib/darktable/views/libprint.so
-- Set non-toolchain portion of runtime path of "/home/ubuntu/programmer/darktable-5.6.0/lib/darktable/views/libprint.so" to "$ORIGIN/.."
-- Installing: /home/ubuntu/programmer/darktable-5.6.0/lib/darktable/plugins/lighttable/libimport.so
-- Set non-toolchain portion of runtime path of "/home/ubuntu/programmer/darktable-5.6.0/lib/darktable/plugins/lighttable/libimport.so" to "$ORIGIN/../.."
-- Installing: /home/ubuntu/programmer/darktable-5.6.0/lib/darktable/plugins/lighttable/libexport.so
-- Set non-toolchain portion of runtime path of "/home/ubuntu/programmer/darktable-5.6.0/lib/darktable/plugins/lighttable/libexport.so" to "$ORIGIN/../.."
-- Installing: /home/ubuntu/programmer/darktable-5.6.0/lib/darktable/plugins/lighttable/libcopy_history.so
-- Set non-toolchain portion of runtime path of "/home/ubuntu/programmer/darktable-5.6.0/lib/darktable/plugins/lighttable/libcopy_history.so" to "$ORIGIN/../.."
-- Installing: /home/ubuntu/programmer/darktable-5.6.0/lib/darktable/plugins/lighttable/libstyles.so
-- Set non-toolchain portion of runtime path of "/home/ubuntu/programmer/darktable-5.6.0/lib/darktable/plugins/lighttable/libstyles.so" to "$ORIGIN/../.."
-- Installing: /home/ubuntu/programmer/darktable-5.6.0/lib/darktable/plugins/lighttable/libtagging.so
-- Set non-toolchain portion of runtime path of "/home/ubuntu/programmer/darktable-5.6.0/lib/darktable/plugins/lighttable/libtagging.so" to "$ORIGIN/../.."
-- Installing: /home/ubuntu/programmer/darktable-5.6.0/lib/darktable/plugins/lighttable/libimage.so
-- Set non-toolchain portion of runtime path of "/home/ubuntu/programmer/darktable-5.6.0/lib/darktable/plugins/lighttable/libimage.so" to "$ORIGIN/../.."
-- Installing: /home/ubuntu/programmer/darktable-5.6.0/lib/darktable/plugins/lighttable/libselect.so
-- Set non-toolchain portion of runtime path of "/home/ubuntu/programmer/darktable-5.6.0/lib/darktable/plugins/lighttable/libselect.so" to "$ORIGIN/../.."
-- Installing: /home/ubuntu/programmer/darktable-5.6.0/lib/darktable/plugins/lighttable/libcollect.so
-- Set non-toolchain portion of runtime path of "/home/ubuntu/programmer/darktable-5.6.0/lib/darktable/plugins/lighttable/libcollect.so" to "$ORIGIN/../.."
-- Installing: /home/ubuntu/programmer/darktable-5.6.0/lib/darktable/plugins/lighttable/librecentcollect.so
-- Set non-toolchain portion of runtime path of "/home/ubuntu/programmer/darktable-5.6.0/lib/darktable/plugins/lighttable/librecentcollect.so" to "$ORIGIN/../.."
-- Installing: /home/ubuntu/programmer/darktable-5.6.0/lib/darktable/plugins/lighttable/libfiltering.so
-- Set non-toolchain portion of runtime path of "/home/ubuntu/programmer/darktable-5.6.0/lib/darktable/plugins/lighttable/libfiltering.so" to "$ORIGIN/../.."
-- Installing: /home/ubuntu/programmer/darktable-5.6.0/lib/darktable/plugins/lighttable/libmetadata.so
-- Set non-toolchain portion of runtime path of "/home/ubuntu/programmer/darktable-5.6.0/lib/darktable/plugins/lighttable/libmetadata.so" to "$ORIGIN/../.."
-- Installing: /home/ubuntu/programmer/darktable-5.6.0/lib/darktable/plugins/lighttable/libmetadata_view.so
-- Set non-toolchain portion of runtime path of "/home/ubuntu/programmer/darktable-5.6.0/lib/darktable/plugins/lighttable/libmetadata_view.so" to "$ORIGIN/../.."
-- Installing: /home/ubuntu/programmer/darktable-5.6.0/lib/darktable/plugins/lighttable/libnavigation.so
-- Set non-toolchain portion of runtime path of "/home/ubuntu/programmer/darktable-5.6.0/lib/darktable/plugins/lighttable/libnavigation.so" to "$ORIGIN/../.."
-- Installing: /home/ubuntu/programmer/darktable-5.6.0/lib/darktable/plugins/lighttable/libhistogram.so
-- Set non-toolchain portion of runtime path of "/home/ubuntu/programmer/darktable-5.6.0/lib/darktable/plugins/lighttable/libhistogram.so" to "$ORIGIN/../.."
-- Installing: /home/ubuntu/programmer/darktable-5.6.0/lib/darktable/plugins/lighttable/libhistory.so
-- Set non-toolchain portion of runtime path of "/home/ubuntu/programmer/darktable-5.6.0/lib/darktable/plugins/lighttable/libhistory.so" to "$ORIGIN/../.."
-- Installing: /home/ubuntu/programmer/darktable-5.6.0/lib/darktable/plugins/lighttable/libsnapshots.so
-- Set non-toolchain portion of runtime path of "/home/ubuntu/programmer/darktable-5.6.0/lib/darktable/plugins/lighttable/libsnapshots.so" to "$ORIGIN/../.."
-- Installing: /home/ubuntu/programmer/darktable-5.6.0/lib/darktable/plugins/lighttable/libmodulegroups.so
-- Set non-toolchain portion of runtime path of "/home/ubuntu/programmer/darktable-5.6.0/lib/darktable/plugins/lighttable/libmodulegroups.so" to "$ORIGIN/../.."
-- Installing: /home/ubuntu/programmer/darktable-5.6.0/lib/darktable/plugins/lighttable/libbackgroundjobs.so
-- Set non-toolchain portion of runtime path of "/home/ubuntu/programmer/darktable-5.6.0/lib/darktable/plugins/lighttable/libbackgroundjobs.so" to "$ORIGIN/../.."
-- Installing: /home/ubuntu/programmer/darktable-5.6.0/lib/darktable/plugins/lighttable/libcolorpicker.so
-- Set non-toolchain portion of runtime path of "/home/ubuntu/programmer/darktable-5.6.0/lib/darktable/plugins/lighttable/libcolorpicker.so" to "$ORIGIN/../.."
-- Installing: /home/ubuntu/programmer/darktable-5.6.0/lib/darktable/plugins/lighttable/libmasks.so
-- Set non-toolchain portion of runtime path of "/home/ubuntu/programmer/darktable-5.6.0/lib/darktable/plugins/lighttable/libmasks.so" to "$ORIGIN/../.."
-- Installing: /home/ubuntu/programmer/darktable-5.6.0/lib/darktable/plugins/lighttable/libsession.so
-- Set non-toolchain portion of runtime path of "/home/ubuntu/programmer/darktable-5.6.0/lib/darktable/plugins/lighttable/libsession.so" to "$ORIGIN/../.."
-- Installing: /home/ubuntu/programmer/darktable-5.6.0/lib/darktable/plugins/lighttable/libduplicate.so
-- Set non-toolchain portion of runtime path of "/home/ubuntu/programmer/darktable-5.6.0/lib/darktable/plugins/lighttable/libduplicate.so" to "$ORIGIN/../.."
-- Installing: /home/ubuntu/programmer/darktable-5.6.0/lib/darktable/plugins/lighttable/libioporder.so
-- Set non-toolchain portion of runtime path of "/home/ubuntu/programmer/darktable-5.6.0/lib/darktable/plugins/lighttable/libioporder.so" to "$ORIGIN/../.."
-- Installing: /home/ubuntu/programmer/darktable-5.6.0/lib/darktable/plugins/lighttable/libviewswitcher.so
-- Set non-toolchain portion of runtime path of "/home/ubuntu/programmer/darktable-5.6.0/lib/darktable/plugins/lighttable/libviewswitcher.so" to "$ORIGIN/../.."
-- Installing: /home/ubuntu/programmer/darktable-5.6.0/lib/darktable/plugins/lighttable/libdarktable_label.so
-- Set non-toolchain portion of runtime path of "/home/ubuntu/programmer/darktable-5.6.0/lib/darktable/plugins/lighttable/libdarktable_label.so" to "$ORIGIN/../.."
-- Installing: /home/ubuntu/programmer/darktable-5.6.0/lib/darktable/plugins/lighttable/libratings.so
-- Set non-toolchain portion of runtime path of "/home/ubuntu/programmer/darktable-5.6.0/lib/darktable/plugins/lighttable/libratings.so" to "$ORIGIN/../.."
-- Installing: /home/ubuntu/programmer/darktable-5.6.0/lib/darktable/plugins/lighttable/libcolorlabels.so
-- Set non-toolchain portion of runtime path of "/home/ubuntu/programmer/darktable-5.6.0/lib/darktable/plugins/lighttable/libcolorlabels.so" to "$ORIGIN/../.."
-- Installing: /home/ubuntu/programmer/darktable-5.6.0/lib/darktable/plugins/lighttable/libfilter.so
-- Set non-toolchain portion of runtime path of "/home/ubuntu/programmer/darktable-5.6.0/lib/darktable/plugins/lighttable/libfilter.so" to "$ORIGIN/../.."
-- Installing: /home/ubuntu/programmer/darktable-5.6.0/lib/darktable/plugins/lighttable/liblighttable_mode.so
-- Set non-toolchain portion of runtime path of "/home/ubuntu/programmer/darktable-5.6.0/lib/darktable/plugins/lighttable/liblighttable_mode.so" to "$ORIGIN/../.."
-- Installing: /home/ubuntu/programmer/darktable-5.6.0/lib/darktable/plugins/lighttable/libview_toolbox.so
-- Set non-toolchain portion of runtime path of "/home/ubuntu/programmer/darktable-5.6.0/lib/darktable/plugins/lighttable/libview_toolbox.so" to "$ORIGIN/../.."
-- Installing: /home/ubuntu/programmer/darktable-5.6.0/lib/darktable/plugins/lighttable/libmodule_toolbox.so
-- Set non-toolchain portion of runtime path of "/home/ubuntu/programmer/darktable-5.6.0/lib/darktable/plugins/lighttable/libmodule_toolbox.so" to "$ORIGIN/../.."
-- Installing: /home/ubuntu/programmer/darktable-5.6.0/lib/darktable/plugins/lighttable/libfilmstrip.so
-- Set non-toolchain portion of runtime path of "/home/ubuntu/programmer/darktable-5.6.0/lib/darktable/plugins/lighttable/libfilmstrip.so" to "$ORIGIN/../.."
-- Installing: /home/ubuntu/programmer/darktable-5.6.0/lib/darktable/plugins/lighttable/libhinter.so
-- Set non-toolchain portion of runtime path of "/home/ubuntu/programmer/darktable-5.6.0/lib/darktable/plugins/lighttable/libhinter.so" to "$ORIGIN/../.."
-- Installing: /home/ubuntu/programmer/darktable-5.6.0/lib/darktable/plugins/lighttable/libglobal_toolbox.so
-- Set non-toolchain portion of runtime path of "/home/ubuntu/programmer/darktable-5.6.0/lib/darktable/plugins/lighttable/libglobal_toolbox.so" to "$ORIGIN/../.."
-- Installing: /home/ubuntu/programmer/darktable-5.6.0/lib/darktable/plugins/lighttable/libtimeline.so
-- Set non-toolchain portion of runtime path of "/home/ubuntu/programmer/darktable-5.6.0/lib/darktable/plugins/lighttable/libtimeline.so" to "$ORIGIN/../.."
-- Installing: /home/ubuntu/programmer/darktable-5.6.0/lib/darktable/plugins/lighttable/libimage_infos.so
-- Set non-toolchain portion of runtime path of "/home/ubuntu/programmer/darktable-5.6.0/lib/darktable/plugins/lighttable/libimage_infos.so" to "$ORIGIN/../.."
-- Installing: /home/ubuntu/programmer/darktable-5.6.0/lib/darktable/plugins/lighttable/liblog_history.so
-- Set non-toolchain portion of runtime path of "/home/ubuntu/programmer/darktable-5.6.0/lib/darktable/plugins/lighttable/liblog_history.so" to "$ORIGIN/../.."
-- Installing: /home/ubuntu/programmer/darktable-5.6.0/lib/darktable/plugins/lighttable/libmidi.so
-- Set non-toolchain portion of runtime path of "/home/ubuntu/programmer/darktable-5.6.0/lib/darktable/plugins/lighttable/libmidi.so" to "$ORIGIN/../.."
-- Installing: /home/ubuntu/programmer/darktable-5.6.0/lib/darktable/plugins/lighttable/libgamepad.so
-- Set non-toolchain portion of runtime path of "/home/ubuntu/programmer/darktable-5.6.0/lib/darktable/plugins/lighttable/libgamepad.so" to "$ORIGIN/../.."
-- Installing: /home/ubuntu/programmer/darktable-5.6.0/lib/darktable/plugins/lighttable/libcamera.so
-- Set non-toolchain portion of runtime path of "/home/ubuntu/programmer/darktable-5.6.0/lib/darktable/plugins/lighttable/libcamera.so" to "$ORIGIN/../.."
-- Installing: /home/ubuntu/programmer/darktable-5.6.0/lib/darktable/plugins/lighttable/liblive_view.so
-- Set non-toolchain portion of runtime path of "/home/ubuntu/programmer/darktable-5.6.0/lib/darktable/plugins/lighttable/liblive_view.so" to "$ORIGIN/../.."
-- Installing: /home/ubuntu/programmer/darktable-5.6.0/lib/darktable/plugins/lighttable/liblocation.so
-- Set non-toolchain portion of runtime path of "/home/ubuntu/programmer/darktable-5.6.0/lib/darktable/plugins/lighttable/liblocation.so" to "$ORIGIN/../.."
-- Installing: /home/ubuntu/programmer/darktable-5.6.0/lib/darktable/plugins/lighttable/libmap_settings.so
-- Set non-toolchain portion of runtime path of "/home/ubuntu/programmer/darktable-5.6.0/lib/darktable/plugins/lighttable/libmap_settings.so" to "$ORIGIN/../.."
-- Installing: /home/ubuntu/programmer/darktable-5.6.0/lib/darktable/plugins/lighttable/libmap_locations.so
-- Set non-toolchain portion of runtime path of "/home/ubuntu/programmer/darktable-5.6.0/lib/darktable/plugins/lighttable/libmap_locations.so" to "$ORIGIN/../.."
-- Installing: /home/ubuntu/programmer/darktable-5.6.0/lib/darktable/plugins/lighttable/libgeotagging.so
-- Set non-toolchain portion of runtime path of "/home/ubuntu/programmer/darktable-5.6.0/lib/darktable/plugins/lighttable/libgeotagging.so" to "$ORIGIN/../.."
-- Installing: /home/ubuntu/programmer/darktable-5.6.0/lib/darktable/plugins/lighttable/libprint_settings.so
-- Set non-toolchain portion of runtime path of "/home/ubuntu/programmer/darktable-5.6.0/lib/darktable/plugins/lighttable/libprint_settings.so" to "$ORIGIN/../.."
-- Installing: /home/ubuntu/programmer/darktable-5.6.0/lib/darktable/plugins/lighttable/libneural_restore.so
-- Set non-toolchain portion of runtime path of "/home/ubuntu/programmer/darktable-5.6.0/lib/darktable/plugins/lighttable/libneural_restore.so" to "$ORIGIN/../.."
-- Installing: /home/ubuntu/programmer/darktable-5.6.0/lib/darktable/plugins/libcolorharmonizer.so
-- Set non-toolchain portion of runtime path of "/home/ubuntu/programmer/darktable-5.6.0/lib/darktable/plugins/libcolorharmonizer.so" to "$ORIGIN/.."
-- Installing: /home/ubuntu/programmer/darktable-5.6.0/lib/darktable/plugins/librawprepare.so
-- Set non-toolchain portion of runtime path of "/home/ubuntu/programmer/darktable-5.6.0/lib/darktable/plugins/librawprepare.so" to "$ORIGIN/.."
-- Installing: /home/ubuntu/programmer/darktable-5.6.0/lib/darktable/plugins/libsoften.so
-- Set non-toolchain portion of runtime path of "/home/ubuntu/programmer/darktable-5.6.0/lib/darktable/plugins/libsoften.so" to "$ORIGIN/.."
-- Installing: /home/ubuntu/programmer/darktable-5.6.0/lib/darktable/plugins/libbloom.so
-- Set non-toolchain portion of runtime path of "/home/ubuntu/programmer/darktable-5.6.0/lib/darktable/plugins/libbloom.so" to "$ORIGIN/.."
-- Installing: /home/ubuntu/programmer/darktable-5.6.0/lib/darktable/plugins/libhighpass.so
-- Set non-toolchain portion of runtime path of "/home/ubuntu/programmer/darktable-5.6.0/lib/darktable/plugins/libhighpass.so" to "$ORIGIN/.."
-- Installing: /home/ubuntu/programmer/darktable-5.6.0/lib/darktable/plugins/liblowpass.so
-- Set non-toolchain portion of runtime path of "/home/ubuntu/programmer/darktable-5.6.0/lib/darktable/plugins/liblowpass.so" to "$ORIGIN/.."
-- Installing: /home/ubuntu/programmer/darktable-5.6.0/lib/darktable/plugins/libshadhi.so
-- Set non-toolchain portion of runtime path of "/home/ubuntu/programmer/darktable-5.6.0/lib/darktable/plugins/libshadhi.so" to "$ORIGIN/.."
-- Installing: /home/ubuntu/programmer/darktable-5.6.0/lib/darktable/plugins/libcolorreconstruct.so
-- Set non-toolchain portion of runtime path of "/home/ubuntu/programmer/darktable-5.6.0/lib/darktable/plugins/libcolorreconstruct.so" to "$ORIGIN/.."
-- Installing: /home/ubuntu/programmer/darktable-5.6.0/lib/darktable/plugins/libtonemap.so
-- Set non-toolchain portion of runtime path of "/home/ubuntu/programmer/darktable-5.6.0/lib/darktable/plugins/libtonemap.so" to "$ORIGIN/.."
-- Installing: /home/ubuntu/programmer/darktable-5.6.0/lib/darktable/plugins/libtonecurve.so
-- Set non-toolchain portion of runtime path of "/home/ubuntu/programmer/darktable-5.6.0/lib/darktable/plugins/libtonecurve.so" to "$ORIGIN/.."
-- Installing: /home/ubuntu/programmer/darktable-5.6.0/lib/darktable/plugins/libcolisa.so
-- Set non-toolchain portion of runtime path of "/home/ubuntu/programmer/darktable-5.6.0/lib/darktable/plugins/libcolisa.so" to "$ORIGIN/.."
-- Installing: /home/ubuntu/programmer/darktable-5.6.0/lib/darktable/plugins/libgamma.so
-- Set non-toolchain portion of runtime path of "/home/ubuntu/programmer/darktable-5.6.0/lib/darktable/plugins/libgamma.so" to "$ORIGIN/.."
-- Installing: /home/ubuntu/programmer/darktable-5.6.0/lib/darktable/plugins/libtemperature.so
-- Set non-toolchain portion of runtime path of "/home/ubuntu/programmer/darktable-5.6.0/lib/darktable/plugins/libtemperature.so" to "$ORIGIN/.."
-- Installing: /home/ubuntu/programmer/darktable-5.6.0/lib/darktable/plugins/libcolorcorrection.so
-- Set non-toolchain portion of runtime path of "/home/ubuntu/programmer/darktable-5.6.0/lib/darktable/plugins/libcolorcorrection.so" to "$ORIGIN/.."
-- Installing: /home/ubuntu/programmer/darktable-5.6.0/lib/darktable/plugins/libbasicadj.so
-- Set non-toolchain portion of runtime path of "/home/ubuntu/programmer/darktable-5.6.0/lib/darktable/plugins/libbasicadj.so" to "$ORIGIN/.."
-- Installing: /home/ubuntu/programmer/darktable-5.6.0/lib/darktable/plugins/libexposure.so
-- Set non-toolchain portion of runtime path of "/home/ubuntu/programmer/darktable-5.6.0/lib/darktable/plugins/libexposure.so" to "$ORIGIN/.."
-- Installing: /home/ubuntu/programmer/darktable-5.6.0/lib/darktable/plugins/libequalizer.so
-- Set non-toolchain portion of runtime path of "/home/ubuntu/programmer/darktable-5.6.0/lib/darktable/plugins/libequalizer.so" to "$ORIGIN/.."
-- Installing: /home/ubuntu/programmer/darktable-5.6.0/lib/darktable/plugins/librgbcurve.so
-- Set non-toolchain portion of runtime path of "/home/ubuntu/programmer/darktable-5.6.0/lib/darktable/plugins/librgbcurve.so" to "$ORIGIN/.."
-- Installing: /home/ubuntu/programmer/darktable-5.6.0/lib/darktable/plugins/libcolorbalance.so
-- Set non-toolchain portion of runtime path of "/home/ubuntu/programmer/darktable-5.6.0/lib/darktable/plugins/libcolorbalance.so" to "$ORIGIN/.."
-- Installing: /home/ubuntu/programmer/darktable-5.6.0/lib/darktable/plugins/libcolorin.so
-- Set non-toolchain portion of runtime path of "/home/ubuntu/programmer/darktable-5.6.0/lib/darktable/plugins/libcolorin.so" to "$ORIGIN/.."
-- Installing: /home/ubuntu/programmer/darktable-5.6.0/lib/darktable/plugins/libcolorout.so
-- Set non-toolchain portion of runtime path of "/home/ubuntu/programmer/darktable-5.6.0/lib/darktable/plugins/libcolorout.so" to "$ORIGIN/.."
-- Installing: /home/ubuntu/programmer/darktable-5.6.0/lib/darktable/plugins/libcolorchecker.so
-- Set non-toolchain portion of runtime path of "/home/ubuntu/programmer/darktable-5.6.0/lib/darktable/plugins/libcolorchecker.so" to "$ORIGIN/.."
-- Installing: /home/ubuntu/programmer/darktable-5.6.0/lib/darktable/plugins/libclipping.so
-- Set non-toolchain portion of runtime path of "/home/ubuntu/programmer/darktable-5.6.0/lib/darktable/plugins/libclipping.so" to "$ORIGIN/.."
-- Installing: /home/ubuntu/programmer/darktable-5.6.0/lib/darktable/plugins/libenlargecanvas.so
-- Set non-toolchain portion of runtime path of "/home/ubuntu/programmer/darktable-5.6.0/lib/darktable/plugins/libenlargecanvas.so" to "$ORIGIN/.."
-- Installing: /home/ubuntu/programmer/darktable-5.6.0/lib/darktable/plugins/libcrop.so
-- Set non-toolchain portion of runtime path of "/home/ubuntu/programmer/darktable-5.6.0/lib/darktable/plugins/libcrop.so" to "$ORIGIN/.."
-- Installing: /home/ubuntu/programmer/darktable-5.6.0/lib/darktable/plugins/libsharpen.so
-- Set non-toolchain portion of runtime path of "/home/ubuntu/programmer/darktable-5.6.0/lib/darktable/plugins/libsharpen.so" to "$ORIGIN/.."
-- Installing: /home/ubuntu/programmer/darktable-5.6.0/lib/darktable/plugins/libdither.so
-- Set non-toolchain portion of runtime path of "/home/ubuntu/programmer/darktable-5.6.0/lib/darktable/plugins/libdither.so" to "$ORIGIN/.."
-- Installing: /home/ubuntu/programmer/darktable-5.6.0/lib/darktable/plugins/libmonochrome.so
-- Set non-toolchain portion of runtime path of "/home/ubuntu/programmer/darktable-5.6.0/lib/darktable/plugins/libmonochrome.so" to "$ORIGIN/.."
-- Installing: /home/ubuntu/programmer/darktable-5.6.0/lib/darktable/plugins/libbasecurve.so
-- Set non-toolchain portion of runtime path of "/home/ubuntu/programmer/darktable-5.6.0/lib/darktable/plugins/libbasecurve.so" to "$ORIGIN/.."
-- Installing: /home/ubuntu/programmer/darktable-5.6.0/lib/darktable/plugins/libcolorzones.so
-- Set non-toolchain portion of runtime path of "/home/ubuntu/programmer/darktable-5.6.0/lib/darktable/plugins/libcolorzones.so" to "$ORIGIN/.."
-- Installing: /home/ubuntu/programmer/darktable-5.6.0/lib/darktable/plugins/libhighlights.so
-- Set non-toolchain portion of runtime path of "/home/ubuntu/programmer/darktable-5.6.0/lib/darktable/plugins/libhighlights.so" to "$ORIGIN/.."
-- Installing: /home/ubuntu/programmer/darktable-5.6.0/lib/darktable/plugins/liboverlay.so
-- Set non-toolchain portion of runtime path of "/home/ubuntu/programmer/darktable-5.6.0/lib/darktable/plugins/liboverlay.so" to "$ORIGIN/.."
-- Installing: /home/ubuntu/programmer/darktable-5.6.0/lib/darktable/plugins/librawoverexposed.so
-- Set non-toolchain portion of runtime path of "/home/ubuntu/programmer/darktable-5.6.0/lib/darktable/plugins/librawoverexposed.so" to "$ORIGIN/.."
-- Installing: /home/ubuntu/programmer/darktable-5.6.0/lib/darktable/plugins/libvelvia.so
-- Set non-toolchain portion of runtime path of "/home/ubuntu/programmer/darktable-5.6.0/lib/darktable/plugins/libvelvia.so" to "$ORIGIN/.."
-- Installing: /home/ubuntu/programmer/darktable-5.6.0/lib/darktable/plugins/libvignette.so
-- Set non-toolchain portion of runtime path of "/home/ubuntu/programmer/darktable-5.6.0/lib/darktable/plugins/libvignette.so" to "$ORIGIN/.."
-- Installing: /home/ubuntu/programmer/darktable-5.6.0/lib/darktable/plugins/libsplittoning.so
-- Set non-toolchain portion of runtime path of "/home/ubuntu/programmer/darktable-5.6.0/lib/darktable/plugins/libsplittoning.so" to "$ORIGIN/.."
-- Installing: /home/ubuntu/programmer/darktable-5.6.0/lib/darktable/plugins/libgrain.so
-- Set non-toolchain portion of runtime path of "/home/ubuntu/programmer/darktable-5.6.0/lib/darktable/plugins/libgrain.so" to "$ORIGIN/.."
-- Installing: /home/ubuntu/programmer/darktable-5.6.0/lib/darktable/plugins/libclahe.so
-- Set non-toolchain portion of runtime path of "/home/ubuntu/programmer/darktable-5.6.0/lib/darktable/plugins/libclahe.so" to "$ORIGIN/.."
-- Installing: /home/ubuntu/programmer/darktable-5.6.0/lib/darktable/plugins/libbilateral.so
-- Set non-toolchain portion of runtime path of "/home/ubuntu/programmer/darktable-5.6.0/lib/darktable/plugins/libbilateral.so" to "$ORIGIN/.."
-- Installing: /home/ubuntu/programmer/darktable-5.6.0/lib/darktable/plugins/libprofile_gamma.so
-- Set non-toolchain portion of runtime path of "/home/ubuntu/programmer/darktable-5.6.0/lib/darktable/plugins/libprofile_gamma.so" to "$ORIGIN/.."
-- Installing: /home/ubuntu/programmer/darktable-5.6.0/lib/darktable/plugins/libcolortransfer.so
-- Set non-toolchain portion of runtime path of "/home/ubuntu/programmer/darktable-5.6.0/lib/darktable/plugins/libcolortransfer.so" to "$ORIGIN/.."
-- Installing: /home/ubuntu/programmer/darktable-5.6.0/lib/darktable/plugins/libcolormapping.so
-- Set non-toolchain portion of runtime path of "/home/ubuntu/programmer/darktable-5.6.0/lib/darktable/plugins/libcolormapping.so" to "$ORIGIN/.."
-- Installing: /home/ubuntu/programmer/darktable-5.6.0/lib/darktable/plugins/libchannelmixer.so
-- Set non-toolchain portion of runtime path of "/home/ubuntu/programmer/darktable-5.6.0/lib/darktable/plugins/libchannelmixer.so" to "$ORIGIN/.."
-- Installing: /home/ubuntu/programmer/darktable-5.6.0/lib/darktable/plugins/libgraduatednd.so
-- Set non-toolchain portion of runtime path of "/home/ubuntu/programmer/darktable-5.6.0/lib/darktable/plugins/libgraduatednd.so" to "$ORIGIN/.."
-- Installing: /home/ubuntu/programmer/darktable-5.6.0/lib/darktable/plugins/librelight.so
-- Set non-toolchain portion of runtime path of "/home/ubuntu/programmer/darktable-5.6.0/lib/darktable/plugins/librelight.so" to "$ORIGIN/.."
-- Installing: /home/ubuntu/programmer/darktable-5.6.0/lib/darktable/plugins/libzonesystem.so
-- Set non-toolchain portion of runtime path of "/home/ubuntu/programmer/darktable-5.6.0/lib/darktable/plugins/libzonesystem.so" to "$ORIGIN/.."
-- Installing: /home/ubuntu/programmer/darktable-5.6.0/lib/darktable/plugins/libdemosaic.so
-- Set non-toolchain portion of runtime path of "/home/ubuntu/programmer/darktable-5.6.0/lib/darktable/plugins/libdemosaic.so" to "$ORIGIN/.."
-- Installing: /home/ubuntu/programmer/darktable-5.6.0/lib/darktable/plugins/librotatepixels.so
-- Set non-toolchain portion of runtime path of "/home/ubuntu/programmer/darktable-5.6.0/lib/darktable/plugins/librotatepixels.so" to "$ORIGIN/.."
-- Installing: /home/ubuntu/programmer/darktable-5.6.0/lib/darktable/plugins/libscalepixels.so
-- Set non-toolchain portion of runtime path of "/home/ubuntu/programmer/darktable-5.6.0/lib/darktable/plugins/libscalepixels.so" to "$ORIGIN/.."
-- Installing: /home/ubuntu/programmer/darktable-5.6.0/lib/darktable/plugins/libatrous.so
-- Set non-toolchain portion of runtime path of "/home/ubuntu/programmer/darktable-5.6.0/lib/darktable/plugins/libatrous.so" to "$ORIGIN/.."
-- Installing: /home/ubuntu/programmer/darktable-5.6.0/lib/darktable/plugins/libcacorrect.so
-- Set non-toolchain portion of runtime path of "/home/ubuntu/programmer/darktable-5.6.0/lib/darktable/plugins/libcacorrect.so" to "$ORIGIN/.."
-- Installing: /home/ubuntu/programmer/darktable-5.6.0/lib/darktable/plugins/liboverexposed.so
-- Set non-toolchain portion of runtime path of "/home/ubuntu/programmer/darktable-5.6.0/lib/darktable/plugins/liboverexposed.so" to "$ORIGIN/.."
-- Installing: /home/ubuntu/programmer/darktable-5.6.0/lib/darktable/plugins/libhotpixels.so
-- Set non-toolchain portion of runtime path of "/home/ubuntu/programmer/darktable-5.6.0/lib/darktable/plugins/libhotpixels.so" to "$ORIGIN/.."
-- Installing: /home/ubuntu/programmer/darktable-5.6.0/lib/darktable/plugins/liblowlight.so
-- Set non-toolchain portion of runtime path of "/home/ubuntu/programmer/darktable-5.6.0/lib/darktable/plugins/liblowlight.so" to "$ORIGIN/.."
-- Installing: /home/ubuntu/programmer/darktable-5.6.0/lib/darktable/plugins/libspots.so
-- Set non-toolchain portion of runtime path of "/home/ubuntu/programmer/darktable-5.6.0/lib/darktable/plugins/libspots.so" to "$ORIGIN/.."
-- Installing: /home/ubuntu/programmer/darktable-5.6.0/lib/darktable/plugins/libretouch.so
-- Set non-toolchain portion of runtime path of "/home/ubuntu/programmer/darktable-5.6.0/lib/darktable/plugins/libretouch.so" to "$ORIGIN/.."
-- Installing: /home/ubuntu/programmer/darktable-5.6.0/lib/darktable/plugins/libliquify.so
-- Set non-toolchain portion of runtime path of "/home/ubuntu/programmer/darktable-5.6.0/lib/darktable/plugins/libliquify.so" to "$ORIGIN/.."
-- Installing: /home/ubuntu/programmer/darktable-5.6.0/lib/darktable/plugins/librawdenoise.so
-- Set non-toolchain portion of runtime path of "/home/ubuntu/programmer/darktable-5.6.0/lib/darktable/plugins/librawdenoise.so" to "$ORIGIN/.."
-- Installing: /home/ubuntu/programmer/darktable-5.6.0/lib/darktable/plugins/libborders.so
-- Set non-toolchain portion of runtime path of "/home/ubuntu/programmer/darktable-5.6.0/lib/darktable/plugins/libborders.so" to "$ORIGIN/.."
-- Installing: /home/ubuntu/programmer/darktable-5.6.0/lib/darktable/plugins/libnlmeans.so
-- Set non-toolchain portion of runtime path of "/home/ubuntu/programmer/darktable-5.6.0/lib/darktable/plugins/libnlmeans.so" to "$ORIGIN/.."
-- Installing: /home/ubuntu/programmer/darktable-5.6.0/lib/darktable/plugins/libcolorcontrast.so
-- Set non-toolchain portion of runtime path of "/home/ubuntu/programmer/darktable-5.6.0/lib/darktable/plugins/libcolorcontrast.so" to "$ORIGIN/.."
-- Installing: /home/ubuntu/programmer/darktable-5.6.0/lib/darktable/plugins/liblevels.so
-- Set non-toolchain portion of runtime path of "/home/ubuntu/programmer/darktable-5.6.0/lib/darktable/plugins/liblevels.so" to "$ORIGIN/.."
-- Installing: /home/ubuntu/programmer/darktable-5.6.0/lib/darktable/plugins/librgblevels.so
-- Set non-toolchain portion of runtime path of "/home/ubuntu/programmer/darktable-5.6.0/lib/darktable/plugins/librgblevels.so" to "$ORIGIN/.."
-- Installing: /home/ubuntu/programmer/darktable-5.6.0/lib/darktable/plugins/libcolorize.so
-- Set non-toolchain portion of runtime path of "/home/ubuntu/programmer/darktable-5.6.0/lib/darktable/plugins/libcolorize.so" to "$ORIGIN/.."
-- Installing: /home/ubuntu/programmer/darktable-5.6.0/lib/darktable/plugins/libinvert.so
-- Set non-toolchain portion of runtime path of "/home/ubuntu/programmer/darktable-5.6.0/lib/darktable/plugins/libinvert.so" to "$ORIGIN/.."
-- Installing: /home/ubuntu/programmer/darktable-5.6.0/lib/darktable/plugins/libvibrance.so
-- Set non-toolchain portion of runtime path of "/home/ubuntu/programmer/darktable-5.6.0/lib/darktable/plugins/libvibrance.so" to "$ORIGIN/.."
-- Installing: /home/ubuntu/programmer/darktable-5.6.0/lib/darktable/plugins/libflip.so
-- Set non-toolchain portion of runtime path of "/home/ubuntu/programmer/darktable-5.6.0/lib/darktable/plugins/libflip.so" to "$ORIGIN/.."
-- Installing: /home/ubuntu/programmer/darktable-5.6.0/lib/darktable/plugins/libfinalscale.so
-- Set non-toolchain portion of runtime path of "/home/ubuntu/programmer/darktable-5.6.0/lib/darktable/plugins/libfinalscale.so" to "$ORIGIN/.."
-- Installing: /home/ubuntu/programmer/darktable-5.6.0/lib/darktable/plugins/libglobaltonemap.so
-- Set non-toolchain portion of runtime path of "/home/ubuntu/programmer/darktable-5.6.0/lib/darktable/plugins/libglobaltonemap.so" to "$ORIGIN/.."
-- Installing: /home/ubuntu/programmer/darktable-5.6.0/lib/darktable/plugins/libbilat.so
-- Set non-toolchain portion of runtime path of "/home/ubuntu/programmer/darktable-5.6.0/lib/darktable/plugins/libbilat.so" to "$ORIGIN/.."
-- Installing: /home/ubuntu/programmer/darktable-5.6.0/lib/darktable/plugins/libdenoiseprofile.so
-- Set non-toolchain portion of runtime path of "/home/ubuntu/programmer/darktable-5.6.0/lib/darktable/plugins/libdenoiseprofile.so" to "$ORIGIN/.."
-- Installing: /home/ubuntu/programmer/darktable-5.6.0/lib/darktable/plugins/libdefringe.so
-- Set non-toolchain portion of runtime path of "/home/ubuntu/programmer/darktable-5.6.0/lib/darktable/plugins/libdefringe.so" to "$ORIGIN/.."
-- Installing: /home/ubuntu/programmer/darktable-5.6.0/lib/darktable/plugins/libashift.so
-- Set non-toolchain portion of runtime path of "/home/ubuntu/programmer/darktable-5.6.0/lib/darktable/plugins/libashift.so" to "$ORIGIN/.."
-- Installing: /home/ubuntu/programmer/darktable-5.6.0/lib/darktable/plugins/libhazeremoval.so
-- Set non-toolchain portion of runtime path of "/home/ubuntu/programmer/darktable-5.6.0/lib/darktable/plugins/libhazeremoval.so" to "$ORIGIN/.."
-- Installing: /home/ubuntu/programmer/darktable-5.6.0/lib/darktable/plugins/libfilmic.so
-- Set non-toolchain portion of runtime path of "/home/ubuntu/programmer/darktable-5.6.0/lib/darktable/plugins/libfilmic.so" to "$ORIGIN/.."
-- Installing: /home/ubuntu/programmer/darktable-5.6.0/lib/darktable/plugins/libmask_manager.so
-- Set non-toolchain portion of runtime path of "/home/ubuntu/programmer/darktable-5.6.0/lib/darktable/plugins/libmask_manager.so" to "$ORIGIN/.."
-- Installing: /home/ubuntu/programmer/darktable-5.6.0/lib/darktable/plugins/liblut3d.so
-- Set non-toolchain portion of runtime path of "/home/ubuntu/programmer/darktable-5.6.0/lib/darktable/plugins/liblut3d.so" to "$ORIGIN/.."
-- Installing: /home/ubuntu/programmer/darktable-5.6.0/lib/darktable/plugins/libtoneequal.so
-- Set non-toolchain portion of runtime path of "/home/ubuntu/programmer/darktable-5.6.0/lib/darktable/plugins/libtoneequal.so" to "$ORIGIN/.."
-- Installing: /home/ubuntu/programmer/darktable-5.6.0/lib/darktable/plugins/libfilmicrgb.so
-- Set non-toolchain portion of runtime path of "/home/ubuntu/programmer/darktable-5.6.0/lib/darktable/plugins/libfilmicrgb.so" to "$ORIGIN/.."
-- Installing: /home/ubuntu/programmer/darktable-5.6.0/lib/darktable/plugins/libnegadoctor.so
-- Set non-toolchain portion of runtime path of "/home/ubuntu/programmer/darktable-5.6.0/lib/darktable/plugins/libnegadoctor.so" to "$ORIGIN/.."
-- Installing: /home/ubuntu/programmer/darktable-5.6.0/lib/darktable/plugins/libchannelmixerrgb.so
-- Set non-toolchain portion of runtime path of "/home/ubuntu/programmer/darktable-5.6.0/lib/darktable/plugins/libchannelmixerrgb.so" to "$ORIGIN/.."
-- Installing: /home/ubuntu/programmer/darktable-5.6.0/lib/darktable/plugins/libcensorize.so
-- Set non-toolchain portion of runtime path of "/home/ubuntu/programmer/darktable-5.6.0/lib/darktable/plugins/libcensorize.so" to "$ORIGIN/.."
-- Installing: /home/ubuntu/programmer/darktable-5.6.0/lib/darktable/plugins/libcolorbalancergb.so
-- Set non-toolchain portion of runtime path of "/home/ubuntu/programmer/darktable-5.6.0/lib/darktable/plugins/libcolorbalancergb.so" to "$ORIGIN/.."
-- Installing: /home/ubuntu/programmer/darktable-5.6.0/lib/darktable/plugins/libcacorrectrgb.so
-- Set non-toolchain portion of runtime path of "/home/ubuntu/programmer/darktable-5.6.0/lib/darktable/plugins/libcacorrectrgb.so" to "$ORIGIN/.."
-- Installing: /home/ubuntu/programmer/darktable-5.6.0/lib/darktable/plugins/libdiffuse.so
-- Set non-toolchain portion of runtime path of "/home/ubuntu/programmer/darktable-5.6.0/lib/darktable/plugins/libdiffuse.so" to "$ORIGIN/.."
-- Installing: /home/ubuntu/programmer/darktable-5.6.0/lib/darktable/plugins/libblurs.so
-- Set non-toolchain portion of runtime path of "/home/ubuntu/programmer/darktable-5.6.0/lib/darktable/plugins/libblurs.so" to "$ORIGIN/.."
-- Installing: /home/ubuntu/programmer/darktable-5.6.0/lib/darktable/plugins/libsigmoid.so
-- Set non-toolchain portion of runtime path of "/home/ubuntu/programmer/darktable-5.6.0/lib/darktable/plugins/libsigmoid.so" to "$ORIGIN/.."
-- Installing: /home/ubuntu/programmer/darktable-5.6.0/lib/darktable/plugins/libagx.so
-- Set non-toolchain portion of runtime path of "/home/ubuntu/programmer/darktable-5.6.0/lib/darktable/plugins/libagx.so" to "$ORIGIN/.."
-- Installing: /home/ubuntu/programmer/darktable-5.6.0/lib/darktable/plugins/libprimaries.so
-- Set non-toolchain portion of runtime path of "/home/ubuntu/programmer/darktable-5.6.0/lib/darktable/plugins/libprimaries.so" to "$ORIGIN/.."
-- Installing: /home/ubuntu/programmer/darktable-5.6.0/lib/darktable/plugins/libcolorequal.so
-- Set non-toolchain portion of runtime path of "/home/ubuntu/programmer/darktable-5.6.0/lib/darktable/plugins/libcolorequal.so" to "$ORIGIN/.."
-- Installing: /home/ubuntu/programmer/darktable-5.6.0/lib/darktable/plugins/librasterfile.so
-- Set non-toolchain portion of runtime path of "/home/ubuntu/programmer/darktable-5.6.0/lib/darktable/plugins/librasterfile.so" to "$ORIGIN/.."
-- Installing: /home/ubuntu/programmer/darktable-5.6.0/lib/darktable/plugins/libwatermark.so
-- Set non-toolchain portion of runtime path of "/home/ubuntu/programmer/darktable-5.6.0/lib/darktable/plugins/libwatermark.so" to "$ORIGIN/.."
-- Installing: /home/ubuntu/programmer/darktable-5.6.0/lib/darktable/plugins/liblens.so
-- Set non-toolchain portion of runtime path of "/home/ubuntu/programmer/darktable-5.6.0/lib/darktable/plugins/liblens.so" to "$ORIGIN/.."
-- Installing: /home/ubuntu/programmer/darktable-5.6.0/lib/darktable/plugins/imageio/format/libcopy.so
-- Set non-toolchain portion of runtime path of "/home/ubuntu/programmer/darktable-5.6.0/lib/darktable/plugins/imageio/format/libcopy.so" to "$ORIGIN/../../.."
-- Installing: /home/ubuntu/programmer/darktable-5.6.0/lib/darktable/plugins/imageio/format/libjpeg.so
-- Set non-toolchain portion of runtime path of "/home/ubuntu/programmer/darktable-5.6.0/lib/darktable/plugins/imageio/format/libjpeg.so" to "$ORIGIN/../../.."
-- Installing: /home/ubuntu/programmer/darktable-5.6.0/lib/darktable/plugins/imageio/format/libpdf.so
-- Set non-toolchain portion of runtime path of "/home/ubuntu/programmer/darktable-5.6.0/lib/darktable/plugins/imageio/format/libpdf.so" to "$ORIGIN/../../.."
-- Installing: /home/ubuntu/programmer/darktable-5.6.0/lib/darktable/plugins/imageio/format/libpng.so
-- Set non-toolchain portion of runtime path of "/home/ubuntu/programmer/darktable-5.6.0/lib/darktable/plugins/imageio/format/libpng.so" to "$ORIGIN/../../.."
-- Installing: /home/ubuntu/programmer/darktable-5.6.0/lib/darktable/plugins/imageio/format/libppm.so
-- Set non-toolchain portion of runtime path of "/home/ubuntu/programmer/darktable-5.6.0/lib/darktable/plugins/imageio/format/libppm.so" to "$ORIGIN/../../.."
-- Installing: /home/ubuntu/programmer/darktable-5.6.0/lib/darktable/plugins/imageio/format/libpfm.so
-- Set non-toolchain portion of runtime path of "/home/ubuntu/programmer/darktable-5.6.0/lib/darktable/plugins/imageio/format/libpfm.so" to "$ORIGIN/../../.."
-- Installing: /home/ubuntu/programmer/darktable-5.6.0/lib/darktable/plugins/imageio/format/libtiff.so
-- Set non-toolchain portion of runtime path of "/home/ubuntu/programmer/darktable-5.6.0/lib/darktable/plugins/imageio/format/libtiff.so" to "$ORIGIN/../../.."
-- Installing: /home/ubuntu/programmer/darktable-5.6.0/lib/darktable/plugins/imageio/format/libjpegxl.so
-- Set non-toolchain portion of runtime path of "/home/ubuntu/programmer/darktable-5.6.0/lib/darktable/plugins/imageio/format/libjpegxl.so" to "$ORIGIN/../../.."
-- Installing: /home/ubuntu/programmer/darktable-5.6.0/lib/darktable/plugins/imageio/format/libheif.so
-- Set non-toolchain portion of runtime path of "/home/ubuntu/programmer/darktable-5.6.0/lib/darktable/plugins/imageio/format/libheif.so" to "$ORIGIN/../../.."
-- Installing: /home/ubuntu/programmer/darktable-5.6.0/lib/darktable/plugins/imageio/format/libwebp.so
-- Set non-toolchain portion of runtime path of "/home/ubuntu/programmer/darktable-5.6.0/lib/darktable/plugins/imageio/format/libwebp.so" to "$ORIGIN/../../.."
-- Installing: /home/ubuntu/programmer/darktable-5.6.0/lib/darktable/plugins/imageio/format/libexr.so
-- Set non-toolchain portion of runtime path of "/home/ubuntu/programmer/darktable-5.6.0/lib/darktable/plugins/imageio/format/libexr.so" to "$ORIGIN/../../.."
-- Installing: /home/ubuntu/programmer/darktable-5.6.0/lib/darktable/plugins/imageio/format/libj2k.so
-- Set non-toolchain portion of runtime path of "/home/ubuntu/programmer/darktable-5.6.0/lib/darktable/plugins/imageio/format/libj2k.so" to "$ORIGIN/../../.."
-- Installing: /home/ubuntu/programmer/darktable-5.6.0/lib/darktable/plugins/imageio/format/libavif.so
-- Set non-toolchain portion of runtime path of "/home/ubuntu/programmer/darktable-5.6.0/lib/darktable/plugins/imageio/format/libavif.so" to "$ORIGIN/../../.."
-- Installing: /home/ubuntu/programmer/darktable-5.6.0/lib/darktable/plugins/imageio/format/libxcf.so
-- Set non-toolchain portion of runtime path of "/home/ubuntu/programmer/darktable-5.6.0/lib/darktable/plugins/imageio/format/libxcf.so" to "$ORIGIN/../../.."
-- Installing: /home/ubuntu/programmer/darktable-5.6.0/lib/darktable/plugins/imageio/storage/libdisk.so
-- Set non-toolchain portion of runtime path of "/home/ubuntu/programmer/darktable-5.6.0/lib/darktable/plugins/imageio/storage/libdisk.so" to "$ORIGIN/../../.."
-- Installing: /home/ubuntu/programmer/darktable-5.6.0/lib/darktable/plugins/imageio/storage/libemail.so
-- Set non-toolchain portion of runtime path of "/home/ubuntu/programmer/darktable-5.6.0/lib/darktable/plugins/imageio/storage/libemail.so" to "$ORIGIN/../../.."
-- Installing: /home/ubuntu/programmer/darktable-5.6.0/lib/darktable/plugins/imageio/storage/libgallery.so
-- Set non-toolchain portion of runtime path of "/home/ubuntu/programmer/darktable-5.6.0/lib/darktable/plugins/imageio/storage/libgallery.so" to "$ORIGIN/../../.."
-- Installing: /home/ubuntu/programmer/darktable-5.6.0/lib/darktable/plugins/imageio/storage/liblatex.so
-- Set non-toolchain portion of runtime path of "/home/ubuntu/programmer/darktable-5.6.0/lib/darktable/plugins/imageio/storage/liblatex.so" to "$ORIGIN/../../.."
-- Installing: /home/ubuntu/programmer/darktable-5.6.0/lib/darktable/plugins/imageio/storage/libpiwigo.so
-- Set non-toolchain portion of runtime path of "/home/ubuntu/programmer/darktable-5.6.0/lib/darktable/plugins/imageio/storage/libpiwigo.so" to "$ORIGIN/../../.."
-- Installing: /home/ubuntu/programmer/darktable-5.6.0/bin/darktable-cltest
-- Set non-toolchain portion of runtime path of "/home/ubuntu/programmer/darktable-5.6.0/bin/darktable-cltest" to "$ORIGIN/../lib/darktable"
-- Installing: /home/ubuntu/programmer/darktable-5.6.0/bin/darktable-cli
-- Set non-toolchain portion of runtime path of "/home/ubuntu/programmer/darktable-5.6.0/bin/darktable-cli" to "$ORIGIN/../lib/darktable"
-- Installing: /home/ubuntu/programmer/darktable-5.6.0/bin/darktable-generate-cache
-- Set non-toolchain portion of runtime path of "/home/ubuntu/programmer/darktable-5.6.0/bin/darktable-generate-cache" to "$ORIGIN/../lib/darktable"
-- Installing: /home/ubuntu/programmer/darktable-5.6.0/bin/darktable-cmstest
-- Installing: /home/ubuntu/programmer/darktable-5.6.0/bin/darktable-chart
-- Set non-toolchain portion of runtime path of "/home/ubuntu/programmer/darktable-5.6.0/bin/darktable-chart" to "$ORIGIN/../lib/darktable"
-- Installing: /home/ubuntu/programmer/darktable-5.6.0/bin/darktable
-- Set non-toolchain portion of runtime path of "/home/ubuntu/programmer/darktable-5.6.0/bin/darktable" to "$ORIGIN/../lib/darktable"
-- Installing: /home/ubuntu/programmer/darktable-5.6.0/share/icons/hicolor/16x16/apps/darktable.png
-- Installing: /home/ubuntu/programmer/darktable-5.6.0/share/icons/hicolor/22x22/apps/darktable.png
-- Installing: /home/ubuntu/programmer/darktable-5.6.0/share/icons/hicolor/24x24/apps/darktable.png
-- Installing: /home/ubuntu/programmer/darktable-5.6.0/share/icons/hicolor/32x32/apps/darktable.png
-- Installing: /home/ubuntu/programmer/darktable-5.6.0/share/icons/hicolor/48x48/apps/darktable.png
-- Installing: /home/ubuntu/programmer/darktable-5.6.0/share/icons/hicolor/64x64/apps/darktable.png
-- Installing: /home/ubuntu/programmer/darktable-5.6.0/share/icons/hicolor/256x256/apps/darktable.png
-- Installing: /home/ubuntu/programmer/darktable-5.6.0/share/icons/hicolor/scalable/apps/darktable-1.svg
-- Installing: /home/ubuntu/programmer/darktable-5.6.0/share/icons/hicolor/scalable/apps/darktable-2.svg
-- Installing: /home/ubuntu/programmer/darktable-5.6.0/share/icons/hicolor/scalable/apps/darktable-3.svg
-- Installing: /home/ubuntu/programmer/darktable-5.6.0/share/icons/hicolor/scalable/apps/darktable.svg
-- Installing: /home/ubuntu/programmer/darktable-5.6.0/share/icons/hicolor/scalable/apps/darktable_macos_icon.svg
-- Installing: /home/ubuntu/programmer/darktable-5.6.0/share/darktable/pixmaps/plugins/darkroom/ashift.png
-- Installing: /home/ubuntu/programmer/darktable-5.6.0/share/darktable/pixmaps/plugins/darkroom/ashift.svg
-- Installing: /home/ubuntu/programmer/darktable-5.6.0/share/darktable/pixmaps/plugins/darkroom/atrous.png
-- Installing: /home/ubuntu/programmer/darktable-5.6.0/share/darktable/pixmaps/plugins/darkroom/atrous.svg
-- Installing: /home/ubuntu/programmer/darktable-5.6.0/share/darktable/pixmaps/plugins/darkroom/basecurve.png
-- Installing: /home/ubuntu/programmer/darktable-5.6.0/share/darktable/pixmaps/plugins/darkroom/basecurve.svg
-- Installing: /home/ubuntu/programmer/darktable-5.6.0/share/darktable/pixmaps/plugins/darkroom/bilateral.png
-- Installing: /home/ubuntu/programmer/darktable-5.6.0/share/darktable/pixmaps/plugins/darkroom/bilateral.svg
-- Installing: /home/ubuntu/programmer/darktable-5.6.0/share/darktable/pixmaps/plugins/darkroom/bloom.png
-- Installing: /home/ubuntu/programmer/darktable-5.6.0/share/darktable/pixmaps/plugins/darkroom/bloom.svg
-- Installing: /home/ubuntu/programmer/darktable-5.6.0/share/darktable/pixmaps/plugins/darkroom/borders.png
-- Installing: /home/ubuntu/programmer/darktable-5.6.0/share/darktable/pixmaps/plugins/darkroom/borders.svg
-- Installing: /home/ubuntu/programmer/darktable-5.6.0/share/darktable/pixmaps/plugins/darkroom/cacorrect.png
-- Installing: /home/ubuntu/programmer/darktable-5.6.0/share/darktable/pixmaps/plugins/darkroom/cacorrect.svg
-- Installing: /home/ubuntu/programmer/darktable-5.6.0/share/darktable/pixmaps/plugins/darkroom/channelmixer.png
-- Installing: /home/ubuntu/programmer/darktable-5.6.0/share/darktable/pixmaps/plugins/darkroom/channelmixer.svg
-- Installing: /home/ubuntu/programmer/darktable-5.6.0/share/darktable/pixmaps/plugins/darkroom/clahe.png
-- Installing: /home/ubuntu/programmer/darktable-5.6.0/share/darktable/pixmaps/plugins/darkroom/clahe.svg
-- Installing: /home/ubuntu/programmer/darktable-5.6.0/share/darktable/pixmaps/plugins/darkroom/clipping.png
-- Installing: /home/ubuntu/programmer/darktable-5.6.0/share/darktable/pixmaps/plugins/darkroom/clipping.svg
-- Installing: /home/ubuntu/programmer/darktable-5.6.0/share/darktable/pixmaps/plugins/darkroom/colisa.png
-- Installing: /home/ubuntu/programmer/darktable-5.6.0/share/darktable/pixmaps/plugins/darkroom/colisa.svg
-- Installing: /home/ubuntu/programmer/darktable-5.6.0/share/darktable/pixmaps/plugins/darkroom/colorcorrection.png
-- Installing: /home/ubuntu/programmer/darktable-5.6.0/share/darktable/pixmaps/plugins/darkroom/colorcorrection.svg
-- Installing: /home/ubuntu/programmer/darktable-5.6.0/share/darktable/pixmaps/plugins/darkroom/colorin.png
-- Installing: /home/ubuntu/programmer/darktable-5.6.0/share/darktable/pixmaps/plugins/darkroom/colorin.svg
-- Installing: /home/ubuntu/programmer/darktable-5.6.0/share/darktable/pixmaps/plugins/darkroom/colormapping.png
-- Installing: /home/ubuntu/programmer/darktable-5.6.0/share/darktable/pixmaps/plugins/darkroom/colormapping.svg
-- Installing: /home/ubuntu/programmer/darktable-5.6.0/share/darktable/pixmaps/plugins/darkroom/colorout.png
-- Installing: /home/ubuntu/programmer/darktable-5.6.0/share/darktable/pixmaps/plugins/darkroom/colorout.svg
-- Installing: /home/ubuntu/programmer/darktable-5.6.0/share/darktable/pixmaps/plugins/darkroom/colorreconstruct.png
-- Installing: /home/ubuntu/programmer/darktable-5.6.0/share/darktable/pixmaps/plugins/darkroom/colorreconstruct.svg
-- Installing: /home/ubuntu/programmer/darktable-5.6.0/share/darktable/pixmaps/plugins/darkroom/colortransfer.png
-- Installing: /home/ubuntu/programmer/darktable-5.6.0/share/darktable/pixmaps/plugins/darkroom/colortransfer.svg
-- Installing: /home/ubuntu/programmer/darktable-5.6.0/share/darktable/pixmaps/plugins/darkroom/colorzones.png
-- Installing: /home/ubuntu/programmer/darktable-5.6.0/share/darktable/pixmaps/plugins/darkroom/colorzones.svg
-- Installing: /home/ubuntu/programmer/darktable-5.6.0/share/darktable/pixmaps/plugins/darkroom/default.svg
-- Installing: /home/ubuntu/programmer/darktable-5.6.0/share/darktable/pixmaps/plugins/darkroom/demosaic.png
-- Installing: /home/ubuntu/programmer/darktable-5.6.0/share/darktable/pixmaps/plugins/darkroom/demosaic.svg
-- Installing: /home/ubuntu/programmer/darktable-5.6.0/share/darktable/pixmaps/plugins/darkroom/dither.png
-- Installing: /home/ubuntu/programmer/darktable-5.6.0/share/darktable/pixmaps/plugins/darkroom/dither.svg
-- Installing: /home/ubuntu/programmer/darktable-5.6.0/share/darktable/pixmaps/plugins/darkroom/exposure.png
-- Installing: /home/ubuntu/programmer/darktable-5.6.0/share/darktable/pixmaps/plugins/darkroom/exposure.svg
-- Installing: /home/ubuntu/programmer/darktable-5.6.0/share/darktable/pixmaps/plugins/darkroom/flip.png
-- Installing: /home/ubuntu/programmer/darktable-5.6.0/share/darktable/pixmaps/plugins/darkroom/flip.svg
-- Installing: /home/ubuntu/programmer/darktable-5.6.0/share/darktable/pixmaps/plugins/darkroom/graduatednd.png
-- Installing: /home/ubuntu/programmer/darktable-5.6.0/share/darktable/pixmaps/plugins/darkroom/graduatednd.svg
-- Installing: /home/ubuntu/programmer/darktable-5.6.0/share/darktable/pixmaps/plugins/darkroom/grain.png
-- Installing: /home/ubuntu/programmer/darktable-5.6.0/share/darktable/pixmaps/plugins/darkroom/grain.svg
-- Installing: /home/ubuntu/programmer/darktable-5.6.0/share/darktable/pixmaps/plugins/darkroom/hazeremoval.png
-- Installing: /home/ubuntu/programmer/darktable-5.6.0/share/darktable/pixmaps/plugins/darkroom/hazeremoval.svg
-- Installing: /home/ubuntu/programmer/darktable-5.6.0/share/darktable/pixmaps/plugins/darkroom/highlights.png
-- Installing: /home/ubuntu/programmer/darktable-5.6.0/share/darktable/pixmaps/plugins/darkroom/highlights.svg
-- Installing: /home/ubuntu/programmer/darktable-5.6.0/share/darktable/pixmaps/plugins/darkroom/highpass.png
-- Installing: /home/ubuntu/programmer/darktable-5.6.0/share/darktable/pixmaps/plugins/darkroom/highpass.svg
-- Installing: /home/ubuntu/programmer/darktable-5.6.0/share/darktable/pixmaps/plugins/darkroom/hotpixels.png
-- Installing: /home/ubuntu/programmer/darktable-5.6.0/share/darktable/pixmaps/plugins/darkroom/hotpixels.svg
-- Installing: /home/ubuntu/programmer/darktable-5.6.0/share/darktable/pixmaps/plugins/darkroom/invert.png
-- Installing: /home/ubuntu/programmer/darktable-5.6.0/share/darktable/pixmaps/plugins/darkroom/invert.svg
-- Installing: /home/ubuntu/programmer/darktable-5.6.0/share/darktable/pixmaps/plugins/darkroom/lens.png
-- Installing: /home/ubuntu/programmer/darktable-5.6.0/share/darktable/pixmaps/plugins/darkroom/lens.svg
-- Installing: /home/ubuntu/programmer/darktable-5.6.0/share/darktable/pixmaps/plugins/darkroom/levels.png
-- Installing: /home/ubuntu/programmer/darktable-5.6.0/share/darktable/pixmaps/plugins/darkroom/levels.svg
-- Installing: /home/ubuntu/programmer/darktable-5.6.0/share/darktable/pixmaps/plugins/darkroom/liquify.png
-- Installing: /home/ubuntu/programmer/darktable-5.6.0/share/darktable/pixmaps/plugins/darkroom/liquify.svg
-- Installing: /home/ubuntu/programmer/darktable-5.6.0/share/darktable/pixmaps/plugins/darkroom/lowlight.png
-- Installing: /home/ubuntu/programmer/darktable-5.6.0/share/darktable/pixmaps/plugins/darkroom/lowlight.svg
-- Installing: /home/ubuntu/programmer/darktable-5.6.0/share/darktable/pixmaps/plugins/darkroom/lowpass.png
-- Installing: /home/ubuntu/programmer/darktable-5.6.0/share/darktable/pixmaps/plugins/darkroom/lowpass.svg
-- Installing: /home/ubuntu/programmer/darktable-5.6.0/share/darktable/pixmaps/plugins/darkroom/monochrome.png
-- Installing: /home/ubuntu/programmer/darktable-5.6.0/share/darktable/pixmaps/plugins/darkroom/monochrome.svg
-- Installing: /home/ubuntu/programmer/darktable-5.6.0/share/darktable/pixmaps/plugins/darkroom/nlmeans.png
-- Installing: /home/ubuntu/programmer/darktable-5.6.0/share/darktable/pixmaps/plugins/darkroom/nlmeans.svg
-- Installing: /home/ubuntu/programmer/darktable-5.6.0/share/darktable/pixmaps/plugins/darkroom/overexposed.png
-- Installing: /home/ubuntu/programmer/darktable-5.6.0/share/darktable/pixmaps/plugins/darkroom/overexposed.svg
-- Installing: /home/ubuntu/programmer/darktable-5.6.0/share/darktable/pixmaps/plugins/darkroom/profile_gamma.png
-- Installing: /home/ubuntu/programmer/darktable-5.6.0/share/darktable/pixmaps/plugins/darkroom/profile_gamma.svg
-- Installing: /home/ubuntu/programmer/darktable-5.6.0/share/darktable/pixmaps/plugins/darkroom/rawdenoise.png
-- Installing: /home/ubuntu/programmer/darktable-5.6.0/share/darktable/pixmaps/plugins/darkroom/rawdenoise.svg
-- Installing: /home/ubuntu/programmer/darktable-5.6.0/share/darktable/pixmaps/plugins/darkroom/rawimport.png
-- Installing: /home/ubuntu/programmer/darktable-5.6.0/share/darktable/pixmaps/plugins/darkroom/rawimport.svg
-- Installing: /home/ubuntu/programmer/darktable-5.6.0/share/darktable/pixmaps/plugins/darkroom/rawprepare.png
-- Installing: /home/ubuntu/programmer/darktable-5.6.0/share/darktable/pixmaps/plugins/darkroom/rawprepare.svg
-- Installing: /home/ubuntu/programmer/darktable-5.6.0/share/darktable/pixmaps/plugins/darkroom/relight.png
-- Installing: /home/ubuntu/programmer/darktable-5.6.0/share/darktable/pixmaps/plugins/darkroom/relight.svg
-- Installing: /home/ubuntu/programmer/darktable-5.6.0/share/darktable/pixmaps/plugins/darkroom/shadhi.png
-- Installing: /home/ubuntu/programmer/darktable-5.6.0/share/darktable/pixmaps/plugins/darkroom/shadhi.svg
-- Installing: /home/ubuntu/programmer/darktable-5.6.0/share/darktable/pixmaps/plugins/darkroom/sharpen.png
-- Installing: /home/ubuntu/programmer/darktable-5.6.0/share/darktable/pixmaps/plugins/darkroom/sharpen.svg
-- Installing: /home/ubuntu/programmer/darktable-5.6.0/share/darktable/pixmaps/plugins/darkroom/soften.png
-- Installing: /home/ubuntu/programmer/darktable-5.6.0/share/darktable/pixmaps/plugins/darkroom/soften.svg
-- Installing: /home/ubuntu/programmer/darktable-5.6.0/share/darktable/pixmaps/plugins/darkroom/splittoning.png
-- Installing: /home/ubuntu/programmer/darktable-5.6.0/share/darktable/pixmaps/plugins/darkroom/splittoning.svg
-- Installing: /home/ubuntu/programmer/darktable-5.6.0/share/darktable/pixmaps/plugins/darkroom/spots.png
-- Installing: /home/ubuntu/programmer/darktable-5.6.0/share/darktable/pixmaps/plugins/darkroom/spots.svg
-- Installing: /home/ubuntu/programmer/darktable-5.6.0/share/darktable/pixmaps/plugins/darkroom/temperature.png
-- Installing: /home/ubuntu/programmer/darktable-5.6.0/share/darktable/pixmaps/plugins/darkroom/temperature.svg
-- Installing: /home/ubuntu/programmer/darktable-5.6.0/share/darktable/pixmaps/plugins/darkroom/template.png
-- Installing: /home/ubuntu/programmer/darktable-5.6.0/share/darktable/pixmaps/plugins/darkroom/template.svg
-- Installing: /home/ubuntu/programmer/darktable-5.6.0/share/darktable/pixmaps/plugins/darkroom/tonecurve.png
-- Installing: /home/ubuntu/programmer/darktable-5.6.0/share/darktable/pixmaps/plugins/darkroom/tonecurve.svg
-- Installing: /home/ubuntu/programmer/darktable-5.6.0/share/darktable/pixmaps/plugins/darkroom/tonemap.png
-- Installing: /home/ubuntu/programmer/darktable-5.6.0/share/darktable/pixmaps/plugins/darkroom/tonemap.svg
-- Installing: /home/ubuntu/programmer/darktable-5.6.0/share/darktable/pixmaps/plugins/darkroom/velvia.png
-- Installing: /home/ubuntu/programmer/darktable-5.6.0/share/darktable/pixmaps/plugins/darkroom/velvia.svg
-- Installing: /home/ubuntu/programmer/darktable-5.6.0/share/darktable/pixmaps/plugins/darkroom/vignette.png
-- Installing: /home/ubuntu/programmer/darktable-5.6.0/share/darktable/pixmaps/plugins/darkroom/vignette.svg
-- Installing: /home/ubuntu/programmer/darktable-5.6.0/share/darktable/pixmaps/plugins/darkroom/watermark.png
-- Installing: /home/ubuntu/programmer/darktable-5.6.0/share/darktable/pixmaps/plugins/darkroom/watermark.svg
-- Installing: /home/ubuntu/programmer/darktable-5.6.0/share/darktable/pixmaps/plugins/darkroom/zonesystem.png
-- Installing: /home/ubuntu/programmer/darktable-5.6.0/share/darktable/pixmaps/plugins/darkroom/zonesystem.svg
-- Installing: /home/ubuntu/programmer/darktable-5.6.0/share/darktable/pixmaps/darktable.svg
-- Installing: /home/ubuntu/programmer/darktable-5.6.0/share/darktable/pixmaps/dt_logo_128x128.png
-- Installing: /home/ubuntu/programmer/darktable-5.6.0/share/darktable/pixmaps/dt_text.svg
-- Installing: /home/ubuntu/programmer/darktable-5.6.0/share/darktable/pixmaps/idbutton-1.png
-- Installing: /home/ubuntu/programmer/darktable-5.6.0/share/darktable/pixmaps/idbutton-1.svg
-- Installing: /home/ubuntu/programmer/darktable-5.6.0/share/darktable/pixmaps/idbutton-2.png
-- Installing: /home/ubuntu/programmer/darktable-5.6.0/share/darktable/pixmaps/idbutton-2.svg
-- Installing: /home/ubuntu/programmer/darktable-5.6.0/share/darktable/pixmaps/idbutton-3.png
-- Installing: /home/ubuntu/programmer/darktable-5.6.0/share/darktable/pixmaps/idbutton-3.svg
-- Installing: /home/ubuntu/programmer/darktable-5.6.0/share/darktable/pixmaps/idbutton.png
-- Installing: /home/ubuntu/programmer/darktable-5.6.0/share/darktable/pixmaps/idbutton.svg
-- Installing: /home/ubuntu/programmer/darktable-5.6.0/share/darktable/pixmaps/macos_install_background.svg
-- Installing: /home/ubuntu/programmer/darktable-5.6.0/share/darktable/pixmaps/splashscreen-01.jpg
-- Installing: /home/ubuntu/programmer/darktable-5.6.0/share/darktable/pixmaps/splashscreen-02.jpg
-- Installing: /home/ubuntu/programmer/darktable-5.6.0/share/darktable/pixmaps/splashscreen-03.jpg
-- Installing: /home/ubuntu/programmer/darktable-5.6.0/share/darktable/pixmaps/splashscreen-04.jpg
-- Installing: /home/ubuntu/programmer/darktable-5.6.0/share/darktable/pixmaps/splashscreen.png
-- Installing: /home/ubuntu/programmer/darktable-5.6.0/share/darktable/styles/darktable_Canon_EOS 10D.dtstyle
-- Installing: /home/ubuntu/programmer/darktable-5.6.0/share/darktable/styles/darktable_Canon_EOS 1100D.dtstyle
-- Installing: /home/ubuntu/programmer/darktable-5.6.0/share/darktable/styles/darktable_Canon_EOS 2000D.dtstyle
-- Installing: /home/ubuntu/programmer/darktable-5.6.0/share/darktable/styles/darktable_Canon_EOS 4000D.dtstyle
-- Installing: /home/ubuntu/programmer/darktable-5.6.0/share/darktable/styles/darktable_Canon_EOS 5D Mark II.dtstyle
-- Installing: /home/ubuntu/programmer/darktable-5.6.0/share/darktable/styles/darktable_Canon_EOS 5D Mark III.dtstyle
-- Installing: /home/ubuntu/programmer/darktable-5.6.0/share/darktable/styles/darktable_Canon_EOS 5D Mark IV.dtstyle
-- Installing: /home/ubuntu/programmer/darktable-5.6.0/share/darktable/styles/darktable_Canon_EOS 5D.dtstyle
-- Installing: /home/ubuntu/programmer/darktable-5.6.0/share/darktable/styles/darktable_Canon_EOS 60D.dtstyle
-- Installing: /home/ubuntu/programmer/darktable-5.6.0/share/darktable/styles/darktable_Canon_EOS 6D.dtstyle
-- Installing: /home/ubuntu/programmer/darktable-5.6.0/share/darktable/styles/darktable_Canon_EOS 70D.dtstyle
-- Installing: /home/ubuntu/programmer/darktable-5.6.0/share/darktable/styles/darktable_Canon_EOS 7D Mark II.dtstyle
-- Installing: /home/ubuntu/programmer/darktable-5.6.0/share/darktable/styles/darktable_Canon_EOS 7D.dtstyle
-- Installing: /home/ubuntu/programmer/darktable-5.6.0/share/darktable/styles/darktable_Canon_EOS 80D.dtstyle
-- Installing: /home/ubuntu/programmer/darktable-5.6.0/share/darktable/styles/darktable_Canon_EOS D30.dtstyle
-- Installing: /home/ubuntu/programmer/darktable-5.6.0/share/darktable/styles/darktable_Canon_EOS Digital Rebel XT.dtstyle
-- Installing: /home/ubuntu/programmer/darktable-5.6.0/share/darktable/styles/darktable_Canon_EOS Kiss Digital N.dtstyle
-- Installing: /home/ubuntu/programmer/darktable-5.6.0/share/darktable/styles/darktable_Canon_EOS Kiss M.dtstyle
-- Installing: /home/ubuntu/programmer/darktable-5.6.0/share/darktable/styles/darktable_Canon_EOS Kiss X3.dtstyle
-- Installing: /home/ubuntu/programmer/darktable-5.6.0/share/darktable/styles/darktable_Canon_EOS M.dtstyle
-- Installing: /home/ubuntu/programmer/darktable-5.6.0/share/darktable/styles/darktable_Canon_EOS M10.dtstyle
-- Installing: /home/ubuntu/programmer/darktable-5.6.0/share/darktable/styles/darktable_Canon_EOS M2.dtstyle
-- Installing: /home/ubuntu/programmer/darktable-5.6.0/share/darktable/styles/darktable_Canon_EOS M3.dtstyle
-- Installing: /home/ubuntu/programmer/darktable-5.6.0/share/darktable/styles/darktable_Canon_EOS M50 Mark II.dtstyle
-- Installing: /home/ubuntu/programmer/darktable-5.6.0/share/darktable/styles/darktable_Canon_EOS M50.dtstyle
-- Installing: /home/ubuntu/programmer/darktable-5.6.0/share/darktable/styles/darktable_Canon_EOS M6.dtstyle
-- Installing: /home/ubuntu/programmer/darktable-5.6.0/share/darktable/styles/darktable_Canon_EOS R-series.dtstyle
-- Installing: /home/ubuntu/programmer/darktable-5.6.0/share/darktable/styles/darktable_Canon_EOS R3.dtstyle
-- Installing: /home/ubuntu/programmer/darktable-5.6.0/share/darktable/styles/darktable_Canon_EOS R50.dtstyle
-- Installing: /home/ubuntu/programmer/darktable-5.6.0/share/darktable/styles/darktable_Canon_EOS R6 Mark II.dtstyle
-- Installing: /home/ubuntu/programmer/darktable-5.6.0/share/darktable/styles/darktable_Canon_EOS R6.dtstyle
-- Installing: /home/ubuntu/programmer/darktable-5.6.0/share/darktable/styles/darktable_Canon_EOS R7.dtstyle
-- Installing: /home/ubuntu/programmer/darktable-5.6.0/share/darktable/styles/darktable_Canon_EOS RP.dtstyle
-- Installing: /home/ubuntu/programmer/darktable-5.6.0/share/darktable/styles/darktable_Canon_EOS Rebel SL1.dtstyle
-- Installing: /home/ubuntu/programmer/darktable-5.6.0/share/darktable/styles/darktable_Canon_EOS Rebel T3.dtstyle
-- Installing: /home/ubuntu/programmer/darktable-5.6.0/share/darktable/styles/darktable_Canon_EOS Rebel T5.dtstyle
-- Installing: /home/ubuntu/programmer/darktable-5.6.0/share/darktable/styles/darktable_Canon_EOS Rebel T_ series.dtstyle
-- Installing: /home/ubuntu/programmer/darktable-5.6.0/share/darktable/styles/darktable_Canon_EOS _200D Mark II,250D_.dtstyle
-- Installing: /home/ubuntu/programmer/darktable-5.6.0/share/darktable/styles/darktable_Canon_EOS-1D Mark II.dtstyle
-- Installing: /home/ubuntu/programmer/darktable-5.6.0/share/darktable/styles/darktable_Canon_EOS-1D Mark IV.dtstyle
-- Installing: /home/ubuntu/programmer/darktable-5.6.0/share/darktable/styles/darktable_Canon_EOS-1D X Mark _II,III_.dtstyle
-- Installing: /home/ubuntu/programmer/darktable-5.6.0/share/darktable/styles/darktable_Canon_EOS-1D X.dtstyle
-- Installing: /home/ubuntu/programmer/darktable-5.6.0/share/darktable/styles/darktable_Canon_PowerShot G1.dtstyle
-- Installing: /home/ubuntu/programmer/darktable-5.6.0/share/darktable/styles/darktable_Canon_PowerShot G10.dtstyle
-- Installing: /home/ubuntu/programmer/darktable-5.6.0/share/darktable/styles/darktable_Canon_PowerShot G11.dtstyle
-- Installing: /home/ubuntu/programmer/darktable-5.6.0/share/darktable/styles/darktable_Canon_PowerShot G15.dtstyle
-- Installing: /home/ubuntu/programmer/darktable-5.6.0/share/darktable/styles/darktable_Canon_PowerShot G16.dtstyle
-- Installing: /home/ubuntu/programmer/darktable-5.6.0/share/darktable/styles/darktable_Canon_PowerShot G2.dtstyle
-- Installing: /home/ubuntu/programmer/darktable-5.6.0/share/darktable/styles/darktable_Canon_PowerShot G3.dtstyle
-- Installing: /home/ubuntu/programmer/darktable-5.6.0/share/darktable/styles/darktable_Canon_PowerShot G5 X Mark II.dtstyle
-- Installing: /home/ubuntu/programmer/darktable-5.6.0/share/darktable/styles/darktable_Canon_PowerShot G5 X.dtstyle
-- Installing: /home/ubuntu/programmer/darktable-5.6.0/share/darktable/styles/darktable_Canon_PowerShot G5.dtstyle
-- Installing: /home/ubuntu/programmer/darktable-5.6.0/share/darktable/styles/darktable_Canon_PowerShot G6.dtstyle
-- Installing: /home/ubuntu/programmer/darktable-5.6.0/share/darktable/styles/darktable_Canon_PowerShot G7 X Mark III.dtstyle
-- Installing: /home/ubuntu/programmer/darktable-5.6.0/share/darktable/styles/darktable_Canon_PowerShot G9 X Mark II.dtstyle
-- Installing: /home/ubuntu/programmer/darktable-5.6.0/share/darktable/styles/darktable_Canon_PowerShot G9.dtstyle
-- Installing: /home/ubuntu/programmer/darktable-5.6.0/share/darktable/styles/darktable_Canon_PowerShot S110.dtstyle
-- Installing: /home/ubuntu/programmer/darktable-5.6.0/share/darktable/styles/darktable_Canon_PowerShot S95.dtstyle
-- Installing: /home/ubuntu/programmer/darktable-5.6.0/share/darktable/styles/darktable_Canon_PowerShot SX70 HS.dtstyle
-- Installing: /home/ubuntu/programmer/darktable-5.6.0/share/darktable/styles/darktable_Canon__l10n_generic.dtstyle
-- Installing: /home/ubuntu/programmer/darktable-5.6.0/share/darktable/styles/darktable_DJI_DJI Osmo Action.dtstyle
-- Installing: /home/ubuntu/programmer/darktable-5.6.0/share/darktable/styles/darktable_DJI_FC350.dtstyle
-- Installing: /home/ubuntu/programmer/darktable-5.6.0/share/darktable/styles/darktable_DJI_FC7303.dtstyle
-- Installing: /home/ubuntu/programmer/darktable-5.6.0/share/darktable/styles/darktable_Epson_R-D1.dtstyle
-- Installing: /home/ubuntu/programmer/darktable-5.6.0/share/darktable/styles/darktable_Epson_R-D1x.dtstyle
-- Installing: /home/ubuntu/programmer/darktable-5.6.0/share/darktable/styles/darktable_Fujifilm_FinePix E550.dtstyle
-- Installing: /home/ubuntu/programmer/darktable-5.6.0/share/darktable/styles/darktable_Fujifilm_FinePix E900.dtstyle
-- Installing: /home/ubuntu/programmer/darktable-5.6.0/share/darktable/styles/darktable_Fujifilm_FinePix F600EXR.dtstyle
-- Installing: /home/ubuntu/programmer/darktable-5.6.0/share/darktable/styles/darktable_Fujifilm_FinePix F770EXR.dtstyle
-- Installing: /home/ubuntu/programmer/darktable-5.6.0/share/darktable/styles/darktable_Fujifilm_FinePix HS30EXR.dtstyle
-- Installing: /home/ubuntu/programmer/darktable-5.6.0/share/darktable/styles/darktable_Fujifilm_FinePix S5000.dtstyle
-- Installing: /home/ubuntu/programmer/darktable-5.6.0/share/darktable/styles/darktable_Fujifilm_FinePix S5Pro.dtstyle
-- Installing: /home/ubuntu/programmer/darktable-5.6.0/share/darktable/styles/darktable_Fujifilm_FinePix S6000fd.dtstyle
-- Installing: /home/ubuntu/programmer/darktable-5.6.0/share/darktable/styles/darktable_Fujifilm_FinePix X10.dtstyle
-- Installing: /home/ubuntu/programmer/darktable-5.6.0/share/darktable/styles/darktable_Fujifilm_FinePix X100.dtstyle
-- Installing: /home/ubuntu/programmer/darktable-5.6.0/share/darktable/styles/darktable_Fujifilm_GFX 100.dtstyle
-- Installing: /home/ubuntu/programmer/darktable-5.6.0/share/darktable/styles/darktable_Fujifilm_GFX 50R.dtstyle
-- Installing: /home/ubuntu/programmer/darktable-5.6.0/share/darktable/styles/darktable_Fujifilm_GFX 50S.dtstyle
-- Installing: /home/ubuntu/programmer/darktable-5.6.0/share/darktable/styles/darktable_Fujifilm_GFX100 II.dtstyle
-- Installing: /home/ubuntu/programmer/darktable-5.6.0/share/darktable/styles/darktable_Fujifilm_X-A1.dtstyle
-- Installing: /home/ubuntu/programmer/darktable-5.6.0/share/darktable/styles/darktable_Fujifilm_X-A2.dtstyle
-- Installing: /home/ubuntu/programmer/darktable-5.6.0/share/darktable/styles/darktable_Fujifilm_X-A5.dtstyle
-- Installing: /home/ubuntu/programmer/darktable-5.6.0/share/darktable/styles/darktable_Fujifilm_X-A_ series.dtstyle
-- Installing: /home/ubuntu/programmer/darktable-5.6.0/share/darktable/styles/darktable_Fujifilm_X-E1.dtstyle
-- Installing: /home/ubuntu/programmer/darktable-5.6.0/share/darktable/styles/darktable_Fujifilm_X-E_ series.dtstyle
-- Installing: /home/ubuntu/programmer/darktable-5.6.0/share/darktable/styles/darktable_Fujifilm_X-H_ series.dtstyle
-- Installing: /home/ubuntu/programmer/darktable-5.6.0/share/darktable/styles/darktable_Fujifilm_X-M1.dtstyle
-- Installing: /home/ubuntu/programmer/darktable-5.6.0/share/darktable/styles/darktable_Fujifilm_X-Pro1.dtstyle
-- Installing: /home/ubuntu/programmer/darktable-5.6.0/share/darktable/styles/darktable_Fujifilm_X-Pro_ series.dtstyle
-- Installing: /home/ubuntu/programmer/darktable-5.6.0/share/darktable/styles/darktable_Fujifilm_X-S1.dtstyle
-- Installing: /home/ubuntu/programmer/darktable-5.6.0/share/darktable/styles/darktable_Fujifilm_X-S10.dtstyle
-- Installing: /home/ubuntu/programmer/darktable-5.6.0/share/darktable/styles/darktable_Fujifilm_X-S20.dtstyle
-- Installing: /home/ubuntu/programmer/darktable-5.6.0/share/darktable/styles/darktable_Fujifilm_X-T10.dtstyle
-- Installing: /home/ubuntu/programmer/darktable-5.6.0/share/darktable/styles/darktable_Fujifilm_X-T100.dtstyle
-- Installing: /home/ubuntu/programmer/darktable-5.6.0/share/darktable/styles/darktable_Fujifilm_X-T2.dtstyle
-- Installing: /home/ubuntu/programmer/darktable-5.6.0/share/darktable/styles/darktable_Fujifilm_X-T3.dtstyle
-- Installing: /home/ubuntu/programmer/darktable-5.6.0/share/darktable/styles/darktable_Fujifilm_X-T5.dtstyle
-- Installing: /home/ubuntu/programmer/darktable-5.6.0/share/darktable/styles/darktable_Fujifilm_X100F.dtstyle
-- Installing: /home/ubuntu/programmer/darktable-5.6.0/share/darktable/styles/darktable_Fujifilm_X100S.dtstyle
-- Installing: /home/ubuntu/programmer/darktable-5.6.0/share/darktable/styles/darktable_Fujifilm_X100T.dtstyle
-- Installing: /home/ubuntu/programmer/darktable-5.6.0/share/darktable/styles/darktable_Fujifilm_X100V.dtstyle
-- Installing: /home/ubuntu/programmer/darktable-5.6.0/share/darktable/styles/darktable_Fujifilm_X20.dtstyle
-- Installing: /home/ubuntu/programmer/darktable-5.6.0/share/darktable/styles/darktable_Fujifilm_X30.dtstyle
-- Installing: /home/ubuntu/programmer/darktable-5.6.0/share/darktable/styles/darktable_Fujifilm_X70.dtstyle
-- Installing: /home/ubuntu/programmer/darktable-5.6.0/share/darktable/styles/darktable_Fujifilm_XF1.dtstyle
-- Installing: /home/ubuntu/programmer/darktable-5.6.0/share/darktable/styles/darktable_Fujifilm_XQ1.dtstyle
-- Installing: /home/ubuntu/programmer/darktable-5.6.0/share/darktable/styles/darktable_Fujifilm_XQ2.dtstyle
-- Installing: /home/ubuntu/programmer/darktable-5.6.0/share/darktable/styles/darktable_Fujifilm__l10n_generic.dtstyle
-- Installing: /home/ubuntu/programmer/darktable-5.6.0/share/darktable/styles/darktable_Hasselblad_CFV.dtstyle
-- Installing: /home/ubuntu/programmer/darktable-5.6.0/share/darktable/styles/darktable_Hasselblad_H3D.dtstyle
-- Installing: /home/ubuntu/programmer/darktable-5.6.0/share/darktable/styles/darktable_Hasselblad_X1D.dtstyle
-- Installing: /home/ubuntu/programmer/darktable-5.6.0/share/darktable/styles/darktable_Hasselblad__l10n_generic.dtstyle
-- Installing: /home/ubuntu/programmer/darktable-5.6.0/share/darktable/styles/darktable_Leaf_Credo 40.dtstyle
-- Installing: /home/ubuntu/programmer/darktable-5.6.0/share/darktable/styles/darktable_Leica_C (Typ 112).dtstyle
-- Installing: /home/ubuntu/programmer/darktable-5.6.0/share/darktable/styles/darktable_Leica_C-Lux.dtstyle
-- Installing: /home/ubuntu/programmer/darktable-5.6.0/share/darktable/styles/darktable_Leica_D-LUX (Typ 109).dtstyle
-- Installing: /home/ubuntu/programmer/darktable-5.6.0/share/darktable/styles/darktable_Leica_D-LUX 5.dtstyle
-- Installing: /home/ubuntu/programmer/darktable-5.6.0/share/darktable/styles/darktable_Leica_D-LUX 6.dtstyle
-- Installing: /home/ubuntu/programmer/darktable-5.6.0/share/darktable/styles/darktable_Leica_D-Lux 7.dtstyle
-- Installing: /home/ubuntu/programmer/darktable-5.6.0/share/darktable/styles/darktable_Leica_M Monochrom (Typ 246).dtstyle
-- Installing: /home/ubuntu/programmer/darktable-5.6.0/share/darktable/styles/darktable_Leica_M9.dtstyle
-- Installing: /home/ubuntu/programmer/darktable-5.6.0/share/darktable/styles/darktable_Leica_Q (Typ 116).dtstyle
-- Installing: /home/ubuntu/programmer/darktable-5.6.0/share/darktable/styles/darktable_Leica_Q2.dtstyle
-- Installing: /home/ubuntu/programmer/darktable-5.6.0/share/darktable/styles/darktable_Leica_SL (Typ 601).dtstyle
-- Installing: /home/ubuntu/programmer/darktable-5.6.0/share/darktable/styles/darktable_Leica_V-LUX (Typ 114).dtstyle
-- Installing: /home/ubuntu/programmer/darktable-5.6.0/share/darktable/styles/darktable_Leica_V-Lux 4.dtstyle
-- Installing: /home/ubuntu/programmer/darktable-5.6.0/share/darktable/styles/darktable_Leica_X2.dtstyle
-- Installing: /home/ubuntu/programmer/darktable-5.6.0/share/darktable/styles/darktable_Minolta_A2.dtstyle
-- Installing: /home/ubuntu/programmer/darktable-5.6.0/share/darktable/styles/darktable_Minolta_DiMAGE 7.dtstyle
-- Installing: /home/ubuntu/programmer/darktable-5.6.0/share/darktable/styles/darktable_Minolta_DiMAGE 7Hi.dtstyle
-- Installing: /home/ubuntu/programmer/darktable-5.6.0/share/darktable/styles/darktable_Minolta_DiMAGE 7i.dtstyle
-- Installing: /home/ubuntu/programmer/darktable-5.6.0/share/darktable/styles/darktable_Minolta_DiMAGE A1.dtstyle
-- Installing: /home/ubuntu/programmer/darktable-5.6.0/share/darktable/styles/darktable_Minolta_DiMAGE A200.dtstyle
-- Installing: /home/ubuntu/programmer/darktable-5.6.0/share/darktable/styles/darktable_Minolta_Dynax 5D.dtstyle
-- Installing: /home/ubuntu/programmer/darktable-5.6.0/share/darktable/styles/darktable_Minolta_Dynax 7D.dtstyle
-- Installing: /home/ubuntu/programmer/darktable-5.6.0/share/darktable/styles/darktable_Minolta_Maxxum 7D.dtstyle
-- Installing: /home/ubuntu/programmer/darktable-5.6.0/share/darktable/styles/darktable_Nikon_1 AW1.dtstyle
-- Installing: /home/ubuntu/programmer/darktable-5.6.0/share/darktable/styles/darktable_Nikon_1 J1.dtstyle
-- Installing: /home/ubuntu/programmer/darktable-5.6.0/share/darktable/styles/darktable_Nikon_1 J2.dtstyle
-- Installing: /home/ubuntu/programmer/darktable-5.6.0/share/darktable/styles/darktable_Nikon_1 J3.dtstyle
-- Installing: /home/ubuntu/programmer/darktable-5.6.0/share/darktable/styles/darktable_Nikon_1 J4.dtstyle
-- Installing: /home/ubuntu/programmer/darktable-5.6.0/share/darktable/styles/darktable_Nikon_1 J5.dtstyle
-- Installing: /home/ubuntu/programmer/darktable-5.6.0/share/darktable/styles/darktable_Nikon_1 S1.dtstyle
-- Installing: /home/ubuntu/programmer/darktable-5.6.0/share/darktable/styles/darktable_Nikon_1 V1.dtstyle
-- Installing: /home/ubuntu/programmer/darktable-5.6.0/share/darktable/styles/darktable_Nikon_1 V2.dtstyle
-- Installing: /home/ubuntu/programmer/darktable-5.6.0/share/darktable/styles/darktable_Nikon_1 V3.dtstyle
-- Installing: /home/ubuntu/programmer/darktable-5.6.0/share/darktable/styles/darktable_Nikon_Coolpix A.dtstyle
-- Installing: /home/ubuntu/programmer/darktable-5.6.0/share/darktable/styles/darktable_Nikon_Coolpix A1000.dtstyle
-- Installing: /home/ubuntu/programmer/darktable-5.6.0/share/darktable/styles/darktable_Nikon_Coolpix B700.dtstyle
-- Installing: /home/ubuntu/programmer/darktable-5.6.0/share/darktable/styles/darktable_Nikon_Coolpix P1000.dtstyle
-- Installing: /home/ubuntu/programmer/darktable-5.6.0/share/darktable/styles/darktable_Nikon_Coolpix P330.dtstyle
-- Installing: /home/ubuntu/programmer/darktable-5.6.0/share/darktable/styles/darktable_Nikon_Coolpix P6000.dtstyle
-- Installing: /home/ubuntu/programmer/darktable-5.6.0/share/darktable/styles/darktable_Nikon_Coolpix P7700.dtstyle
-- Installing: /home/ubuntu/programmer/darktable-5.6.0/share/darktable/styles/darktable_Nikon_Coolpix P7800.dtstyle
-- Installing: /home/ubuntu/programmer/darktable-5.6.0/share/darktable/styles/darktable_Nikon_Coolpix P950.dtstyle
-- Installing: /home/ubuntu/programmer/darktable-5.6.0/share/darktable/styles/darktable_Nikon_D1.dtstyle
-- Installing: /home/ubuntu/programmer/darktable-5.6.0/share/darktable/styles/darktable_Nikon_D100.dtstyle
-- Installing: /home/ubuntu/programmer/darktable-5.6.0/share/darktable/styles/darktable_Nikon_D1H.dtstyle
-- Installing: /home/ubuntu/programmer/darktable-5.6.0/share/darktable/styles/darktable_Nikon_D1X.dtstyle
-- Installing: /home/ubuntu/programmer/darktable-5.6.0/share/darktable/styles/darktable_Nikon_D200.dtstyle
-- Installing: /home/ubuntu/programmer/darktable-5.6.0/share/darktable/styles/darktable_Nikon_D2H.dtstyle
-- Installing: /home/ubuntu/programmer/darktable-5.6.0/share/darktable/styles/darktable_Nikon_D2X.dtstyle
-- Installing: /home/ubuntu/programmer/darktable-5.6.0/share/darktable/styles/darktable_Nikon_D3.dtstyle
-- Installing: /home/ubuntu/programmer/darktable-5.6.0/share/darktable/styles/darktable_Nikon_D300.dtstyle
-- Installing: /home/ubuntu/programmer/darktable-5.6.0/share/darktable/styles/darktable_Nikon_D3000 series.dtstyle
-- Installing: /home/ubuntu/programmer/darktable-5.6.0/share/darktable/styles/darktable_Nikon_D300S.dtstyle
-- Installing: /home/ubuntu/programmer/darktable-5.6.0/share/darktable/styles/darktable_Nikon_D3100.dtstyle
-- Installing: /home/ubuntu/programmer/darktable-5.6.0/share/darktable/styles/darktable_Nikon_D3200.dtstyle
-- Installing: /home/ubuntu/programmer/darktable-5.6.0/share/darktable/styles/darktable_Nikon_D3300.dtstyle
-- Installing: /home/ubuntu/programmer/darktable-5.6.0/share/darktable/styles/darktable_Nikon_D3400.dtstyle
-- Installing: /home/ubuntu/programmer/darktable-5.6.0/share/darktable/styles/darktable_Nikon_D3500.dtstyle
-- Installing: /home/ubuntu/programmer/darktable-5.6.0/share/darktable/styles/darktable_Nikon_D3S.dtstyle
-- Installing: /home/ubuntu/programmer/darktable-5.6.0/share/darktable/styles/darktable_Nikon_D3X.dtstyle
-- Installing: /home/ubuntu/programmer/darktable-5.6.0/share/darktable/styles/darktable_Nikon_D4.dtstyle
-- Installing: /home/ubuntu/programmer/darktable-5.6.0/share/darktable/styles/darktable_Nikon_D40.dtstyle
-- Installing: /home/ubuntu/programmer/darktable-5.6.0/share/darktable/styles/darktable_Nikon_D40X.dtstyle
-- Installing: /home/ubuntu/programmer/darktable-5.6.0/share/darktable/styles/darktable_Nikon_D4S.dtstyle
-- Installing: /home/ubuntu/programmer/darktable-5.6.0/share/darktable/styles/darktable_Nikon_D5.dtstyle
-- Installing: /home/ubuntu/programmer/darktable-5.6.0/share/darktable/styles/darktable_Nikon_D50.dtstyle
-- Installing: /home/ubuntu/programmer/darktable-5.6.0/share/darktable/styles/darktable_Nikon_D500.dtstyle
-- Installing: /home/ubuntu/programmer/darktable-5.6.0/share/darktable/styles/darktable_Nikon_D5000 series.dtstyle
-- Installing: /home/ubuntu/programmer/darktable-5.6.0/share/darktable/styles/darktable_Nikon_D5100.dtstyle
-- Installing: /home/ubuntu/programmer/darktable-5.6.0/share/darktable/styles/darktable_Nikon_D5200.dtstyle
-- Installing: /home/ubuntu/programmer/darktable-5.6.0/share/darktable/styles/darktable_Nikon_D5500.dtstyle
-- Installing: /home/ubuntu/programmer/darktable-5.6.0/share/darktable/styles/darktable_Nikon_D6.dtstyle
-- Installing: /home/ubuntu/programmer/darktable-5.6.0/share/darktable/styles/darktable_Nikon_D60.dtstyle
-- Installing: /home/ubuntu/programmer/darktable-5.6.0/share/darktable/styles/darktable_Nikon_D600.dtstyle
-- Installing: /home/ubuntu/programmer/darktable-5.6.0/share/darktable/styles/darktable_Nikon_D610.dtstyle
-- Installing: /home/ubuntu/programmer/darktable-5.6.0/share/darktable/styles/darktable_Nikon_D70.dtstyle
-- Installing: /home/ubuntu/programmer/darktable-5.6.0/share/darktable/styles/darktable_Nikon_D700.dtstyle
-- Installing: /home/ubuntu/programmer/darktable-5.6.0/share/darktable/styles/darktable_Nikon_D7000 series.dtstyle
-- Installing: /home/ubuntu/programmer/darktable-5.6.0/share/darktable/styles/darktable_Nikon_D7000.dtstyle
-- Installing: /home/ubuntu/programmer/darktable-5.6.0/share/darktable/styles/darktable_Nikon_D70s.dtstyle
-- Installing: /home/ubuntu/programmer/darktable-5.6.0/share/darktable/styles/darktable_Nikon_D7200.dtstyle
-- Installing: /home/ubuntu/programmer/darktable-5.6.0/share/darktable/styles/darktable_Nikon_D750.dtstyle
-- Installing: /home/ubuntu/programmer/darktable-5.6.0/share/darktable/styles/darktable_Nikon_D7500.dtstyle
-- Installing: /home/ubuntu/programmer/darktable-5.6.0/share/darktable/styles/darktable_Nikon_D780.dtstyle
-- Installing: /home/ubuntu/programmer/darktable-5.6.0/share/darktable/styles/darktable_Nikon_D80.dtstyle
-- Installing: /home/ubuntu/programmer/darktable-5.6.0/share/darktable/styles/darktable_Nikon_D800.dtstyle
-- Installing: /home/ubuntu/programmer/darktable-5.6.0/share/darktable/styles/darktable_Nikon_D800E.dtstyle
-- Installing: /home/ubuntu/programmer/darktable-5.6.0/share/darktable/styles/darktable_Nikon_D810.dtstyle
-- Installing: /home/ubuntu/programmer/darktable-5.6.0/share/darktable/styles/darktable_Nikon_D850.dtstyle
-- Installing: /home/ubuntu/programmer/darktable-5.6.0/share/darktable/styles/darktable_Nikon_D90.dtstyle
-- Installing: /home/ubuntu/programmer/darktable-5.6.0/share/darktable/styles/darktable_Nikon_Df.dtstyle
-- Installing: /home/ubuntu/programmer/darktable-5.6.0/share/darktable/styles/darktable_Nikon_E5400.dtstyle
-- Installing: /home/ubuntu/programmer/darktable-5.6.0/share/darktable/styles/darktable_Nikon_E5700.dtstyle
-- Installing: /home/ubuntu/programmer/darktable-5.6.0/share/darktable/styles/darktable_Nikon_Z 30.dtstyle
-- Installing: /home/ubuntu/programmer/darktable-5.6.0/share/darktable/styles/darktable_Nikon_Z 5.dtstyle
-- Installing: /home/ubuntu/programmer/darktable-5.6.0/share/darktable/styles/darktable_Nikon_Z 50.dtstyle
-- Installing: /home/ubuntu/programmer/darktable-5.6.0/share/darktable/styles/darktable_Nikon_Z 6.dtstyle
-- Installing: /home/ubuntu/programmer/darktable-5.6.0/share/darktable/styles/darktable_Nikon_Z 6_2.dtstyle
-- Installing: /home/ubuntu/programmer/darktable-5.6.0/share/darktable/styles/darktable_Nikon_Z 7.dtstyle
-- Installing: /home/ubuntu/programmer/darktable-5.6.0/share/darktable/styles/darktable_Nikon_Z 7_2.dtstyle
-- Installing: /home/ubuntu/programmer/darktable-5.6.0/share/darktable/styles/darktable_Nikon_Z 8.dtstyle
-- Installing: /home/ubuntu/programmer/darktable-5.6.0/share/darktable/styles/darktable_Nikon_Z 9.dtstyle
-- Installing: /home/ubuntu/programmer/darktable-5.6.0/share/darktable/styles/darktable_Nikon_Z f.dtstyle
-- Installing: /home/ubuntu/programmer/darktable-5.6.0/share/darktable/styles/darktable_Nikon_Z series.dtstyle
-- Installing: /home/ubuntu/programmer/darktable-5.6.0/share/darktable/styles/darktable_Nikon_Z50_2.dtstyle
-- Installing: /home/ubuntu/programmer/darktable-5.6.0/share/darktable/styles/darktable_Nikon_Z6_3.dtstyle
-- Installing: /home/ubuntu/programmer/darktable-5.6.0/share/darktable/styles/darktable_Nikon__l10n_generic.dtstyle
-- Installing: /home/ubuntu/programmer/darktable-5.6.0/share/darktable/styles/darktable_OM System_OM-1 Mark II.dtstyle
-- Installing: /home/ubuntu/programmer/darktable-5.6.0/share/darktable/styles/darktable_OM System_OM-1.dtstyle
-- Installing: /home/ubuntu/programmer/darktable-5.6.0/share/darktable/styles/darktable_OM System_OM-5.dtstyle
-- Installing: /home/ubuntu/programmer/darktable-5.6.0/share/darktable/styles/darktable_OM System_TG-7.dtstyle
-- Installing: /home/ubuntu/programmer/darktable-5.6.0/share/darktable/styles/darktable_Olympus_C7070WZ.dtstyle
-- Installing: /home/ubuntu/programmer/darktable-5.6.0/share/darktable/styles/darktable_Olympus_E-1.dtstyle
-- Installing: /home/ubuntu/programmer/darktable-5.6.0/share/darktable/styles/darktable_Olympus_E-3.dtstyle
-- Installing: /home/ubuntu/programmer/darktable-5.6.0/share/darktable/styles/darktable_Olympus_E-300.dtstyle
-- Installing: /home/ubuntu/programmer/darktable-5.6.0/share/darktable/styles/darktable_Olympus_E-330.dtstyle
-- Installing: /home/ubuntu/programmer/darktable-5.6.0/share/darktable/styles/darktable_Olympus_E-400.dtstyle
-- Installing: /home/ubuntu/programmer/darktable-5.6.0/share/darktable/styles/darktable_Olympus_E-5.dtstyle
-- Installing: /home/ubuntu/programmer/darktable-5.6.0/share/darktable/styles/darktable_Olympus_E-500.dtstyle
-- Installing: /home/ubuntu/programmer/darktable-5.6.0/share/darktable/styles/darktable_Olympus_E-620.dtstyle
-- Installing: /home/ubuntu/programmer/darktable-5.6.0/share/darktable/styles/darktable_Olympus_E-M1.dtstyle
-- Installing: /home/ubuntu/programmer/darktable-5.6.0/share/darktable/styles/darktable_Olympus_E-M10 Mark II.dtstyle
-- Installing: /home/ubuntu/programmer/darktable-5.6.0/share/darktable/styles/darktable_Olympus_E-M10 Mark III.dtstyle
-- Installing: /home/ubuntu/programmer/darktable-5.6.0/share/darktable/styles/darktable_Olympus_E-M10 Mark IIIs.dtstyle
-- Installing: /home/ubuntu/programmer/darktable-5.6.0/share/darktable/styles/darktable_Olympus_E-M10 Mark IV.dtstyle
-- Installing: /home/ubuntu/programmer/darktable-5.6.0/share/darktable/styles/darktable_Olympus_E-M10.dtstyle
-- Installing: /home/ubuntu/programmer/darktable-5.6.0/share/darktable/styles/darktable_Olympus_E-M1MarkII.dtstyle
-- Installing: /home/ubuntu/programmer/darktable-5.6.0/share/darktable/styles/darktable_Olympus_E-M1MarkIII.dtstyle
-- Installing: /home/ubuntu/programmer/darktable-5.6.0/share/darktable/styles/darktable_Olympus_E-M1X.dtstyle
-- Installing: /home/ubuntu/programmer/darktable-5.6.0/share/darktable/styles/darktable_Olympus_E-M5 Mark II.dtstyle
-- Installing: /home/ubuntu/programmer/darktable-5.6.0/share/darktable/styles/darktable_Olympus_E-M5 Mark III.dtstyle
-- Installing: /home/ubuntu/programmer/darktable-5.6.0/share/darktable/styles/darktable_Olympus_E-M5.dtstyle
-- Installing: /home/ubuntu/programmer/darktable-5.6.0/share/darktable/styles/darktable_Olympus_E-P1.dtstyle
-- Installing: /home/ubuntu/programmer/darktable-5.6.0/share/darktable/styles/darktable_Olympus_E-P5.dtstyle
-- Installing: /home/ubuntu/programmer/darktable-5.6.0/share/darktable/styles/darktable_Olympus_E-P7.dtstyle
-- Installing: /home/ubuntu/programmer/darktable-5.6.0/share/darktable/styles/darktable_Olympus_E-PL1.dtstyle
-- Installing: /home/ubuntu/programmer/darktable-5.6.0/share/darktable/styles/darktable_Olympus_E-PL10.dtstyle
-- Installing: /home/ubuntu/programmer/darktable-5.6.0/share/darktable/styles/darktable_Olympus_E-PL2.dtstyle
-- Installing: /home/ubuntu/programmer/darktable-5.6.0/share/darktable/styles/darktable_Olympus_E-PL7.dtstyle
-- Installing: /home/ubuntu/programmer/darktable-5.6.0/share/darktable/styles/darktable_Olympus_E-PL_ series.dtstyle
-- Installing: /home/ubuntu/programmer/darktable-5.6.0/share/darktable/styles/darktable_Olympus_E-PM1.dtstyle
-- Installing: /home/ubuntu/programmer/darktable-5.6.0/share/darktable/styles/darktable_Olympus_PEN-F.dtstyle
-- Installing: /home/ubuntu/programmer/darktable-5.6.0/share/darktable/styles/darktable_Olympus_SH-2.dtstyle
-- Installing: /home/ubuntu/programmer/darktable-5.6.0/share/darktable/styles/darktable_Olympus_Stylus1.dtstyle
-- Installing: /home/ubuntu/programmer/darktable-5.6.0/share/darktable/styles/darktable_Olympus_TG-4.dtstyle
-- Installing: /home/ubuntu/programmer/darktable-5.6.0/share/darktable/styles/darktable_Olympus_TG-5.dtstyle
-- Installing: /home/ubuntu/programmer/darktable-5.6.0/share/darktable/styles/darktable_Olympus_TG-6.dtstyle
-- Installing: /home/ubuntu/programmer/darktable-5.6.0/share/darktable/styles/darktable_Olympus_XZ-1.dtstyle
-- Installing: /home/ubuntu/programmer/darktable-5.6.0/share/darktable/styles/darktable_Olympus_XZ-2.dtstyle
-- Installing: /home/ubuntu/programmer/darktable-5.6.0/share/darktable/styles/darktable_OnePlus_One.dtstyle
-- Installing: /home/ubuntu/programmer/darktable-5.6.0/share/darktable/styles/darktable_Panasonic_DC-FZ10002.dtstyle
-- Installing: /home/ubuntu/programmer/darktable-5.6.0/share/darktable/styles/darktable_Panasonic_DC-FZ80.dtstyle
-- Installing: /home/ubuntu/programmer/darktable-5.6.0/share/darktable/styles/darktable_Panasonic_DC-FZ82.dtstyle
-- Installing: /home/ubuntu/programmer/darktable-5.6.0/share/darktable/styles/darktable_Panasonic_DC-G100.dtstyle
-- Installing: /home/ubuntu/programmer/darktable-5.6.0/share/darktable/styles/darktable_Panasonic_DC-G110.dtstyle
-- Installing: /home/ubuntu/programmer/darktable-5.6.0/share/darktable/styles/darktable_Panasonic_DC-G9.dtstyle
-- Installing: /home/ubuntu/programmer/darktable-5.6.0/share/darktable/styles/darktable_Panasonic_DC-G90.dtstyle
-- Installing: /home/ubuntu/programmer/darktable-5.6.0/share/darktable/styles/darktable_Panasonic_DC-G91.dtstyle
-- Installing: /home/ubuntu/programmer/darktable-5.6.0/share/darktable/styles/darktable_Panasonic_DC-G95.dtstyle
-- Installing: /home/ubuntu/programmer/darktable-5.6.0/share/darktable/styles/darktable_Panasonic_DC-G95D.dtstyle
-- Installing: /home/ubuntu/programmer/darktable-5.6.0/share/darktable/styles/darktable_Panasonic_DC-GH5.dtstyle
-- Installing: /home/ubuntu/programmer/darktable-5.6.0/share/darktable/styles/darktable_Panasonic_DC-GH5M2.dtstyle
-- Installing: /home/ubuntu/programmer/darktable-5.6.0/share/darktable/styles/darktable_Panasonic_DC-GH5S.dtstyle
-- Installing: /home/ubuntu/programmer/darktable-5.6.0/share/darktable/styles/darktable_Panasonic_DC-GX7MK3.dtstyle
-- Installing: /home/ubuntu/programmer/darktable-5.6.0/share/darktable/styles/darktable_Panasonic_DC-GX800.dtstyle
-- Installing: /home/ubuntu/programmer/darktable-5.6.0/share/darktable/styles/darktable_Panasonic_DC-GX850.dtstyle
-- Installing: /home/ubuntu/programmer/darktable-5.6.0/share/darktable/styles/darktable_Panasonic_DC-GX880.dtstyle
-- Installing: /home/ubuntu/programmer/darktable-5.6.0/share/darktable/styles/darktable_Panasonic_DC-GX9.dtstyle
-- Installing: /home/ubuntu/programmer/darktable-5.6.0/share/darktable/styles/darktable_Panasonic_DC-LX100M2.dtstyle
-- Installing: /home/ubuntu/programmer/darktable-5.6.0/share/darktable/styles/darktable_Panasonic_DC-S1.dtstyle
-- Installing: /home/ubuntu/programmer/darktable-5.6.0/share/darktable/styles/darktable_Panasonic_DC-S1H.dtstyle
-- Installing: /home/ubuntu/programmer/darktable-5.6.0/share/darktable/styles/darktable_Panasonic_DC-S1R.dtstyle
-- Installing: /home/ubuntu/programmer/darktable-5.6.0/share/darktable/styles/darktable_Panasonic_DC-S5.dtstyle
-- Installing: /home/ubuntu/programmer/darktable-5.6.0/share/darktable/styles/darktable_Panasonic_DC-TZ200.dtstyle
-- Installing: /home/ubuntu/programmer/darktable-5.6.0/share/darktable/styles/darktable_Panasonic_DC-TZ200D.dtstyle
-- Installing: /home/ubuntu/programmer/darktable-5.6.0/share/darktable/styles/darktable_Panasonic_DC-TZ202.dtstyle
-- Installing: /home/ubuntu/programmer/darktable-5.6.0/share/darktable/styles/darktable_Panasonic_DC-TZ90.dtstyle
-- Installing: /home/ubuntu/programmer/darktable-5.6.0/share/darktable/styles/darktable_Panasonic_DC-TZ91.dtstyle
-- Installing: /home/ubuntu/programmer/darktable-5.6.0/share/darktable/styles/darktable_Panasonic_DC-TZ95.dtstyle
-- Installing: /home/ubuntu/programmer/darktable-5.6.0/share/darktable/styles/darktable_Panasonic_DC-TZ95D.dtstyle
-- Installing: /home/ubuntu/programmer/darktable-5.6.0/share/darktable/styles/darktable_Panasonic_DC-TZ96.dtstyle
-- Installing: /home/ubuntu/programmer/darktable-5.6.0/share/darktable/styles/darktable_Panasonic_DC-ZS200D.dtstyle
-- Installing: /home/ubuntu/programmer/darktable-5.6.0/share/darktable/styles/darktable_Panasonic_DMC-FZ100.dtstyle
-- Installing: /home/ubuntu/programmer/darktable-5.6.0/share/darktable/styles/darktable_Panasonic_DMC-FZ1000.dtstyle
-- Installing: /home/ubuntu/programmer/darktable-5.6.0/share/darktable/styles/darktable_Panasonic_DMC-FZ150.dtstyle
-- Installing: /home/ubuntu/programmer/darktable-5.6.0/share/darktable/styles/darktable_Panasonic_DMC-FZ18.dtstyle
-- Installing: /home/ubuntu/programmer/darktable-5.6.0/share/darktable/styles/darktable_Panasonic_DMC-FZ200.dtstyle
-- Installing: /home/ubuntu/programmer/darktable-5.6.0/share/darktable/styles/darktable_Panasonic_DMC-FZ2000.dtstyle
-- Installing: /home/ubuntu/programmer/darktable-5.6.0/share/darktable/styles/darktable_Panasonic_DMC-FZ2500.dtstyle
-- Installing: /home/ubuntu/programmer/darktable-5.6.0/share/darktable/styles/darktable_Panasonic_DMC-FZ28.dtstyle
-- Installing: /home/ubuntu/programmer/darktable-5.6.0/share/darktable/styles/darktable_Panasonic_DMC-FZ300.dtstyle
-- Installing: /home/ubuntu/programmer/darktable-5.6.0/share/darktable/styles/darktable_Panasonic_DMC-FZ330.dtstyle
-- Installing: /home/ubuntu/programmer/darktable-5.6.0/share/darktable/styles/darktable_Panasonic_DMC-FZ35.dtstyle
-- Installing: /home/ubuntu/programmer/darktable-5.6.0/share/darktable/styles/darktable_Panasonic_DMC-FZ38.dtstyle
-- Installing: /home/ubuntu/programmer/darktable-5.6.0/share/darktable/styles/darktable_Panasonic_DMC-FZ45.dtstyle
-- Installing: /home/ubuntu/programmer/darktable-5.6.0/share/darktable/styles/darktable_Panasonic_DMC-G1.dtstyle
-- Installing: /home/ubuntu/programmer/darktable-5.6.0/share/darktable/styles/darktable_Panasonic_DMC-G10.dtstyle
-- Installing: /home/ubuntu/programmer/darktable-5.6.0/share/darktable/styles/darktable_Panasonic_DMC-G2.dtstyle
-- Installing: /home/ubuntu/programmer/darktable-5.6.0/share/darktable/styles/darktable_Panasonic_DMC-G3.dtstyle
-- Installing: /home/ubuntu/programmer/darktable-5.6.0/share/darktable/styles/darktable_Panasonic_DMC-G5.dtstyle
-- Installing: /home/ubuntu/programmer/darktable-5.6.0/share/darktable/styles/darktable_Panasonic_DMC-G6.dtstyle
-- Installing: /home/ubuntu/programmer/darktable-5.6.0/share/darktable/styles/darktable_Panasonic_DMC-G7.dtstyle
-- Installing: /home/ubuntu/programmer/darktable-5.6.0/share/darktable/styles/darktable_Panasonic_DMC-G70.dtstyle
-- Installing: /home/ubuntu/programmer/darktable-5.6.0/share/darktable/styles/darktable_Panasonic_DMC-G80.dtstyle
-- Installing: /home/ubuntu/programmer/darktable-5.6.0/share/darktable/styles/darktable_Panasonic_DMC-G81.dtstyle
-- Installing: /home/ubuntu/programmer/darktable-5.6.0/share/darktable/styles/darktable_Panasonic_DMC-G85.dtstyle
-- Installing: /home/ubuntu/programmer/darktable-5.6.0/share/darktable/styles/darktable_Panasonic_DMC-GF1.dtstyle
-- Installing: /home/ubuntu/programmer/darktable-5.6.0/share/darktable/styles/darktable_Panasonic_DMC-GF2.dtstyle
-- Installing: /home/ubuntu/programmer/darktable-5.6.0/share/darktable/styles/darktable_Panasonic_DMC-GF3.dtstyle
-- Installing: /home/ubuntu/programmer/darktable-5.6.0/share/darktable/styles/darktable_Panasonic_DMC-GF6.dtstyle
-- Installing: /home/ubuntu/programmer/darktable-5.6.0/share/darktable/styles/darktable_Panasonic_DMC-GF7.dtstyle
-- Installing: /home/ubuntu/programmer/darktable-5.6.0/share/darktable/styles/darktable_Panasonic_DMC-GF8.dtstyle
-- Installing: /home/ubuntu/programmer/darktable-5.6.0/share/darktable/styles/darktable_Panasonic_DMC-GH1.dtstyle
-- Installing: /home/ubuntu/programmer/darktable-5.6.0/share/darktable/styles/darktable_Panasonic_DMC-GH2.dtstyle
-- Installing: /home/ubuntu/programmer/darktable-5.6.0/share/darktable/styles/darktable_Panasonic_DMC-GH3.dtstyle
-- Installing: /home/ubuntu/programmer/darktable-5.6.0/share/darktable/styles/darktable_Panasonic_DMC-GH4.dtstyle
-- Installing: /home/ubuntu/programmer/darktable-5.6.0/share/darktable/styles/darktable_Panasonic_DMC-GM1.dtstyle
-- Installing: /home/ubuntu/programmer/darktable-5.6.0/share/darktable/styles/darktable_Panasonic_DMC-GM1S.dtstyle
-- Installing: /home/ubuntu/programmer/darktable-5.6.0/share/darktable/styles/darktable_Panasonic_DMC-GX1.dtstyle
-- Installing: /home/ubuntu/programmer/darktable-5.6.0/share/darktable/styles/darktable_Panasonic_DMC-GX7.dtstyle
-- Installing: /home/ubuntu/programmer/darktable-5.6.0/share/darktable/styles/darktable_Panasonic_DMC-GX7MK2.dtstyle
-- Installing: /home/ubuntu/programmer/darktable-5.6.0/share/darktable/styles/darktable_Panasonic_DMC-GX8.dtstyle
-- Installing: /home/ubuntu/programmer/darktable-5.6.0/share/darktable/styles/darktable_Panasonic_DMC-GX80.dtstyle
-- Installing: /home/ubuntu/programmer/darktable-5.6.0/share/darktable/styles/darktable_Panasonic_DMC-GX85.dtstyle
-- Installing: /home/ubuntu/programmer/darktable-5.6.0/share/darktable/styles/darktable_Panasonic_DMC-LF1.dtstyle
-- Installing: /home/ubuntu/programmer/darktable-5.6.0/share/darktable/styles/darktable_Panasonic_DMC-LX10.dtstyle
-- Installing: /home/ubuntu/programmer/darktable-5.6.0/share/darktable/styles/darktable_Panasonic_DMC-LX100.dtstyle
-- Installing: /home/ubuntu/programmer/darktable-5.6.0/share/darktable/styles/darktable_Panasonic_DMC-LX15.dtstyle
-- Installing: /home/ubuntu/programmer/darktable-5.6.0/share/darktable/styles/darktable_Panasonic_DMC-LX3.dtstyle
-- Installing: /home/ubuntu/programmer/darktable-5.6.0/share/darktable/styles/darktable_Panasonic_DMC-LX5.dtstyle
-- Installing: /home/ubuntu/programmer/darktable-5.6.0/share/darktable/styles/darktable_Panasonic_DMC-LX7.dtstyle
-- Installing: /home/ubuntu/programmer/darktable-5.6.0/share/darktable/styles/darktable_Panasonic_DMC-TX1.dtstyle
-- Installing: /home/ubuntu/programmer/darktable-5.6.0/share/darktable/styles/darktable_Panasonic_DMC-TZ100.dtstyle
-- Installing: /home/ubuntu/programmer/darktable-5.6.0/share/darktable/styles/darktable_Panasonic_DMC-TZ101.dtstyle
-- Installing: /home/ubuntu/programmer/darktable-5.6.0/share/darktable/styles/darktable_Panasonic_DMC-TZ110.dtstyle
-- Installing: /home/ubuntu/programmer/darktable-5.6.0/share/darktable/styles/darktable_Panasonic_DMC-TZ61.dtstyle
-- Installing: /home/ubuntu/programmer/darktable-5.6.0/share/darktable/styles/darktable_Panasonic_DMC-TZ70.dtstyle
-- Installing: /home/ubuntu/programmer/darktable-5.6.0/share/darktable/styles/darktable_Panasonic_DMC-TZ71.dtstyle
-- Installing: /home/ubuntu/programmer/darktable-5.6.0/share/darktable/styles/darktable_Panasonic_DMC-TZ80.dtstyle
-- Installing: /home/ubuntu/programmer/darktable-5.6.0/share/darktable/styles/darktable_Panasonic_DMC-TZ81.dtstyle
-- Installing: /home/ubuntu/programmer/darktable-5.6.0/share/darktable/styles/darktable_Panasonic_DMC-ZS100.dtstyle
-- Installing: /home/ubuntu/programmer/darktable-5.6.0/share/darktable/styles/darktable_Panasonic_DMC-ZS40.dtstyle
-- Installing: /home/ubuntu/programmer/darktable-5.6.0/share/darktable/styles/darktable_Panasonic_DMC-ZS60.dtstyle
-- Installing: /home/ubuntu/programmer/darktable-5.6.0/share/darktable/styles/darktable_Pentax_645D.dtstyle
-- Installing: /home/ubuntu/programmer/darktable-5.6.0/share/darktable/styles/darktable_Pentax_645Z.dtstyle
-- Installing: /home/ubuntu/programmer/darktable-5.6.0/share/darktable/styles/darktable_Pentax_K-01.dtstyle
-- Installing: /home/ubuntu/programmer/darktable-5.6.0/share/darktable/styles/darktable_Pentax_K-1 Mark II.dtstyle
-- Installing: /home/ubuntu/programmer/darktable-5.6.0/share/darktable/styles/darktable_Pentax_K-1.dtstyle
-- Installing: /home/ubuntu/programmer/darktable-5.6.0/share/darktable/styles/darktable_Pentax_K-3 II.dtstyle
-- Installing: /home/ubuntu/programmer/darktable-5.6.0/share/darktable/styles/darktable_Pentax_K-3 Mark III.dtstyle
-- Installing: /home/ubuntu/programmer/darktable-5.6.0/share/darktable/styles/darktable_Pentax_K-3.dtstyle
-- Installing: /home/ubuntu/programmer/darktable-5.6.0/share/darktable/styles/darktable_Pentax_K-30.dtstyle
-- Installing: /home/ubuntu/programmer/darktable-5.6.0/share/darktable/styles/darktable_Pentax_K-5 II s.dtstyle
-- Installing: /home/ubuntu/programmer/darktable-5.6.0/share/darktable/styles/darktable_Pentax_K-5 II.dtstyle
-- Installing: /home/ubuntu/programmer/darktable-5.6.0/share/darktable/styles/darktable_Pentax_K-5.dtstyle
-- Installing: /home/ubuntu/programmer/darktable-5.6.0/share/darktable/styles/darktable_Pentax_K-50.dtstyle
-- Installing: /home/ubuntu/programmer/darktable-5.6.0/share/darktable/styles/darktable_Pentax_K-500.dtstyle
-- Installing: /home/ubuntu/programmer/darktable-5.6.0/share/darktable/styles/darktable_Pentax_K-S1.dtstyle
-- Installing: /home/ubuntu/programmer/darktable-5.6.0/share/darktable/styles/darktable_Pentax_K-S2.dtstyle
-- Installing: /home/ubuntu/programmer/darktable-5.6.0/share/darktable/styles/darktable_Pentax_K-m.dtstyle
-- Installing: /home/ubuntu/programmer/darktable-5.6.0/share/darktable/styles/darktable_Pentax_K-r.dtstyle
-- Installing: /home/ubuntu/programmer/darktable-5.6.0/share/darktable/styles/darktable_Pentax_K1000.dtstyle
-- Installing: /home/ubuntu/programmer/darktable-5.6.0/share/darktable/styles/darktable_Pentax_K100D Super.dtstyle
-- Installing: /home/ubuntu/programmer/darktable-5.6.0/share/darktable/styles/darktable_Pentax_K10D.dtstyle
-- Installing: /home/ubuntu/programmer/darktable-5.6.0/share/darktable/styles/darktable_Pentax_K110D.dtstyle
-- Installing: /home/ubuntu/programmer/darktable-5.6.0/share/darktable/styles/darktable_Pentax_K2000.dtstyle
-- Installing: /home/ubuntu/programmer/darktable-5.6.0/share/darktable/styles/darktable_Pentax_K200D.dtstyle
-- Installing: /home/ubuntu/programmer/darktable-5.6.0/share/darktable/styles/darktable_Pentax_K20D.dtstyle
-- Installing: /home/ubuntu/programmer/darktable-5.6.0/share/darktable/styles/darktable_Pentax_KF.dtstyle
-- Installing: /home/ubuntu/programmer/darktable-5.6.0/share/darktable/styles/darktable_Pentax_KP.dtstyle
-- Installing: /home/ubuntu/programmer/darktable-5.6.0/share/darktable/styles/darktable_Pentax_Q.dtstyle
-- Installing: /home/ubuntu/programmer/darktable-5.6.0/share/darktable/styles/darktable_Pentax_Q7.dtstyle
-- Installing: /home/ubuntu/programmer/darktable-5.6.0/share/darktable/styles/darktable_Pentax__ist D.dtstyle
-- Installing: /home/ubuntu/programmer/darktable-5.6.0/share/darktable/styles/darktable_Pentax__ist DL.dtstyle
-- Installing: /home/ubuntu/programmer/darktable-5.6.0/share/darktable/styles/darktable_Pentax__ist DS.dtstyle
-- Installing: /home/ubuntu/programmer/darktable-5.6.0/share/darktable/styles/darktable_Phase One_IQ180.dtstyle
-- Installing: /home/ubuntu/programmer/darktable-5.6.0/share/darktable/styles/darktable_Phase One_P65+.dtstyle
-- Installing: /home/ubuntu/programmer/darktable-5.6.0/share/darktable/styles/darktable_Samsung_EK-GN120.dtstyle
-- Installing: /home/ubuntu/programmer/darktable-5.6.0/share/darktable/styles/darktable_Samsung_EX2F.dtstyle
-- Installing: /home/ubuntu/programmer/darktable-5.6.0/share/darktable/styles/darktable_Samsung_G935F.dtstyle
-- Installing: /home/ubuntu/programmer/darktable-5.6.0/share/darktable/styles/darktable_Samsung_GX10.dtstyle
-- Installing: /home/ubuntu/programmer/darktable-5.6.0/share/darktable/styles/darktable_Samsung_NX mini.dtstyle
-- Installing: /home/ubuntu/programmer/darktable-5.6.0/share/darktable/styles/darktable_Samsung_NX1.dtstyle
-- Installing: /home/ubuntu/programmer/darktable-5.6.0/share/darktable/styles/darktable_Samsung_NX10.dtstyle
-- Installing: /home/ubuntu/programmer/darktable-5.6.0/share/darktable/styles/darktable_Samsung_NX11.dtstyle
-- Installing: /home/ubuntu/programmer/darktable-5.6.0/share/darktable/styles/darktable_Samsung_NX1100.dtstyle
-- Installing: /home/ubuntu/programmer/darktable-5.6.0/share/darktable/styles/darktable_Samsung_NX20.dtstyle
-- Installing: /home/ubuntu/programmer/darktable-5.6.0/share/darktable/styles/darktable_Samsung_NX200.dtstyle
-- Installing: /home/ubuntu/programmer/darktable-5.6.0/share/darktable/styles/darktable_Samsung_NX2000.dtstyle
-- Installing: /home/ubuntu/programmer/darktable-5.6.0/share/darktable/styles/darktable_Samsung_NX210.dtstyle
-- Installing: /home/ubuntu/programmer/darktable-5.6.0/share/darktable/styles/darktable_Samsung_NX30.dtstyle
-- Installing: /home/ubuntu/programmer/darktable-5.6.0/share/darktable/styles/darktable_Samsung_NX300.dtstyle
-- Installing: /home/ubuntu/programmer/darktable-5.6.0/share/darktable/styles/darktable_Samsung_NX3000.dtstyle
-- Installing: /home/ubuntu/programmer/darktable-5.6.0/share/darktable/styles/darktable_Samsung_NX300M.dtstyle
-- Installing: /home/ubuntu/programmer/darktable-5.6.0/share/darktable/styles/darktable_Samsung_NX3300.dtstyle
-- Installing: /home/ubuntu/programmer/darktable-5.6.0/share/darktable/styles/darktable_Samsung_NX5.dtstyle
-- Installing: /home/ubuntu/programmer/darktable-5.6.0/share/darktable/styles/darktable_Samsung_NX500.dtstyle
-- Installing: /home/ubuntu/programmer/darktable-5.6.0/share/darktable/styles/darktable_Samsung_WB2000.dtstyle
-- Installing: /home/ubuntu/programmer/darktable-5.6.0/share/darktable/styles/darktable_Sigma_fp L.dtstyle
-- Installing: /home/ubuntu/programmer/darktable-5.6.0/share/darktable/styles/darktable_Sigma_fp.dtstyle
-- Installing: /home/ubuntu/programmer/darktable-5.6.0/share/darktable/styles/darktable_Sony_DSC-F828.dtstyle
-- Installing: /home/ubuntu/programmer/darktable-5.6.0/share/darktable/styles/darktable_Sony_DSC-HX95.dtstyle
-- Installing: /home/ubuntu/programmer/darktable-5.6.0/share/darktable/styles/darktable_Sony_DSC-HX99.dtstyle
-- Installing: /home/ubuntu/programmer/darktable-5.6.0/share/darktable/styles/darktable_Sony_DSC-R1.dtstyle
-- Installing: /home/ubuntu/programmer/darktable-5.6.0/share/darktable/styles/darktable_Sony_DSC-RX0.dtstyle
-- Installing: /home/ubuntu/programmer/darktable-5.6.0/share/darktable/styles/darktable_Sony_DSC-RX0M2.dtstyle
-- Installing: /home/ubuntu/programmer/darktable-5.6.0/share/darktable/styles/darktable_Sony_DSC-RX1.dtstyle
-- Installing: /home/ubuntu/programmer/darktable-5.6.0/share/darktable/styles/darktable_Sony_DSC-RX10.dtstyle
-- Installing: /home/ubuntu/programmer/darktable-5.6.0/share/darktable/styles/darktable_Sony_DSC-RX100.dtstyle
-- Installing: /home/ubuntu/programmer/darktable-5.6.0/share/darktable/styles/darktable_Sony_DSC-RX100M2.dtstyle
-- Installing: /home/ubuntu/programmer/darktable-5.6.0/share/darktable/styles/darktable_Sony_DSC-RX100M3.dtstyle
-- Installing: /home/ubuntu/programmer/darktable-5.6.0/share/darktable/styles/darktable_Sony_DSC-RX100M4.dtstyle
-- Installing: /home/ubuntu/programmer/darktable-5.6.0/share/darktable/styles/darktable_Sony_DSC-RX100M5.dtstyle
-- Installing: /home/ubuntu/programmer/darktable-5.6.0/share/darktable/styles/darktable_Sony_DSC-RX100M5A.dtstyle
-- Installing: /home/ubuntu/programmer/darktable-5.6.0/share/darktable/styles/darktable_Sony_DSC-RX100M6.dtstyle
-- Installing: /home/ubuntu/programmer/darktable-5.6.0/share/darktable/styles/darktable_Sony_DSC-RX100M7.dtstyle
-- Installing: /home/ubuntu/programmer/darktable-5.6.0/share/darktable/styles/darktable_Sony_DSC-RX10M2.dtstyle
-- Installing: /home/ubuntu/programmer/darktable-5.6.0/share/darktable/styles/darktable_Sony_DSC-RX10M3.dtstyle
-- Installing: /home/ubuntu/programmer/darktable-5.6.0/share/darktable/styles/darktable_Sony_DSC-RX10M4.dtstyle
-- Installing: /home/ubuntu/programmer/darktable-5.6.0/share/darktable/styles/darktable_Sony_DSC-RX1R.dtstyle
-- Installing: /home/ubuntu/programmer/darktable-5.6.0/share/darktable/styles/darktable_Sony_DSC-RX1RM2.dtstyle
-- Installing: /home/ubuntu/programmer/darktable-5.6.0/share/darktable/styles/darktable_Sony_DSLR-A100.dtstyle
-- Installing: /home/ubuntu/programmer/darktable-5.6.0/share/darktable/styles/darktable_Sony_DSLR-A200.dtstyle
-- Installing: /home/ubuntu/programmer/darktable-5.6.0/share/darktable/styles/darktable_Sony_DSLR-A230.dtstyle
-- Installing: /home/ubuntu/programmer/darktable-5.6.0/share/darktable/styles/darktable_Sony_DSLR-A290.dtstyle
-- Installing: /home/ubuntu/programmer/darktable-5.6.0/share/darktable/styles/darktable_Sony_DSLR-A300.dtstyle
-- Installing: /home/ubuntu/programmer/darktable-5.6.0/share/darktable/styles/darktable_Sony_DSLR-A330.dtstyle
-- Installing: /home/ubuntu/programmer/darktable-5.6.0/share/darktable/styles/darktable_Sony_DSLR-A350.dtstyle
-- Installing: /home/ubuntu/programmer/darktable-5.6.0/share/darktable/styles/darktable_Sony_DSLR-A380.dtstyle
-- Installing: /home/ubuntu/programmer/darktable-5.6.0/share/darktable/styles/darktable_Sony_DSLR-A390.dtstyle
-- Installing: /home/ubuntu/programmer/darktable-5.6.0/share/darktable/styles/darktable_Sony_DSLR-A450.dtstyle
-- Installing: /home/ubuntu/programmer/darktable-5.6.0/share/darktable/styles/darktable_Sony_DSLR-A500.dtstyle
-- Installing: /home/ubuntu/programmer/darktable-5.6.0/share/darktable/styles/darktable_Sony_DSLR-A550.dtstyle
-- Installing: /home/ubuntu/programmer/darktable-5.6.0/share/darktable/styles/darktable_Sony_DSLR-A560.dtstyle
-- Installing: /home/ubuntu/programmer/darktable-5.6.0/share/darktable/styles/darktable_Sony_DSLR-A580.dtstyle
-- Installing: /home/ubuntu/programmer/darktable-5.6.0/share/darktable/styles/darktable_Sony_DSLR-A700.dtstyle
-- Installing: /home/ubuntu/programmer/darktable-5.6.0/share/darktable/styles/darktable_Sony_DSLR-A850.dtstyle
-- Installing: /home/ubuntu/programmer/darktable-5.6.0/share/darktable/styles/darktable_Sony_DSLR-A900.dtstyle
-- Installing: /home/ubuntu/programmer/darktable-5.6.0/share/darktable/styles/darktable_Sony_ILCA-68.dtstyle
-- Installing: /home/ubuntu/programmer/darktable-5.6.0/share/darktable/styles/darktable_Sony_ILCA-77M2.dtstyle
-- Installing: /home/ubuntu/programmer/darktable-5.6.0/share/darktable/styles/darktable_Sony_ILCA-99M2.dtstyle
-- Installing: /home/ubuntu/programmer/darktable-5.6.0/share/darktable/styles/darktable_Sony_ILCE-1.dtstyle
-- Installing: /home/ubuntu/programmer/darktable-5.6.0/share/darktable/styles/darktable_Sony_ILCE-3000.dtstyle
-- Installing: /home/ubuntu/programmer/darktable-5.6.0/share/darktable/styles/darktable_Sony_ILCE-3500.dtstyle
-- Installing: /home/ubuntu/programmer/darktable-5.6.0/share/darktable/styles/darktable_Sony_ILCE-5000.dtstyle
-- Installing: /home/ubuntu/programmer/darktable-5.6.0/share/darktable/styles/darktable_Sony_ILCE-5100.dtstyle
-- Installing: /home/ubuntu/programmer/darktable-5.6.0/share/darktable/styles/darktable_Sony_ILCE-6000.dtstyle
-- Installing: /home/ubuntu/programmer/darktable-5.6.0/share/darktable/styles/darktable_Sony_ILCE-6100.dtstyle
-- Installing: /home/ubuntu/programmer/darktable-5.6.0/share/darktable/styles/darktable_Sony_ILCE-6300.dtstyle
-- Installing: /home/ubuntu/programmer/darktable-5.6.0/share/darktable/styles/darktable_Sony_ILCE-6400.dtstyle
-- Installing: /home/ubuntu/programmer/darktable-5.6.0/share/darktable/styles/darktable_Sony_ILCE-6500.dtstyle
-- Installing: /home/ubuntu/programmer/darktable-5.6.0/share/darktable/styles/darktable_Sony_ILCE-6600.dtstyle
-- Installing: /home/ubuntu/programmer/darktable-5.6.0/share/darktable/styles/darktable_Sony_ILCE-6700.dtstyle
-- Installing: /home/ubuntu/programmer/darktable-5.6.0/share/darktable/styles/darktable_Sony_ILCE-7.dtstyle
-- Installing: /home/ubuntu/programmer/darktable-5.6.0/share/darktable/styles/darktable_Sony_ILCE-7C.dtstyle
-- Installing: /home/ubuntu/programmer/darktable-5.6.0/share/darktable/styles/darktable_Sony_ILCE-7CM2.dtstyle
-- Installing: /home/ubuntu/programmer/darktable-5.6.0/share/darktable/styles/darktable_Sony_ILCE-7CR.dtstyle
-- Installing: /home/ubuntu/programmer/darktable-5.6.0/share/darktable/styles/darktable_Sony_ILCE-7M2.dtstyle
-- Installing: /home/ubuntu/programmer/darktable-5.6.0/share/darktable/styles/darktable_Sony_ILCE-7M3.dtstyle
-- Installing: /home/ubuntu/programmer/darktable-5.6.0/share/darktable/styles/darktable_Sony_ILCE-7M4.dtstyle
-- Installing: /home/ubuntu/programmer/darktable-5.6.0/share/darktable/styles/darktable_Sony_ILCE-7R.dtstyle
-- Installing: /home/ubuntu/programmer/darktable-5.6.0/share/darktable/styles/darktable_Sony_ILCE-7RM2.dtstyle
-- Installing: /home/ubuntu/programmer/darktable-5.6.0/share/darktable/styles/darktable_Sony_ILCE-7RM3.dtstyle
-- Installing: /home/ubuntu/programmer/darktable-5.6.0/share/darktable/styles/darktable_Sony_ILCE-7RM4.dtstyle
-- Installing: /home/ubuntu/programmer/darktable-5.6.0/share/darktable/styles/darktable_Sony_ILCE-7RM4A.dtstyle
-- Installing: /home/ubuntu/programmer/darktable-5.6.0/share/darktable/styles/darktable_Sony_ILCE-7RM5.dtstyle
-- Installing: /home/ubuntu/programmer/darktable-5.6.0/share/darktable/styles/darktable_Sony_ILCE-7S.dtstyle
-- Installing: /home/ubuntu/programmer/darktable-5.6.0/share/darktable/styles/darktable_Sony_ILCE-7SM2.dtstyle
-- Installing: /home/ubuntu/programmer/darktable-5.6.0/share/darktable/styles/darktable_Sony_ILCE-7SM3.dtstyle
-- Installing: /home/ubuntu/programmer/darktable-5.6.0/share/darktable/styles/darktable_Sony_ILCE-9 series.dtstyle
-- Installing: /home/ubuntu/programmer/darktable-5.6.0/share/darktable/styles/darktable_Sony_ILCE-9.dtstyle
-- Installing: /home/ubuntu/programmer/darktable-5.6.0/share/darktable/styles/darktable_Sony_ILCE-9M3.dtstyle
-- Installing: /home/ubuntu/programmer/darktable-5.6.0/share/darktable/styles/darktable_Sony_ILCE-QX1.dtstyle
-- Installing: /home/ubuntu/programmer/darktable-5.6.0/share/darktable/styles/darktable_Sony_ILME-FX3.dtstyle
-- Installing: /home/ubuntu/programmer/darktable-5.6.0/share/darktable/styles/darktable_Sony_ILME-FX30.dtstyle
-- Installing: /home/ubuntu/programmer/darktable-5.6.0/share/darktable/styles/darktable_Sony_NEX-3N.dtstyle
-- Installing: /home/ubuntu/programmer/darktable-5.6.0/share/darktable/styles/darktable_Sony_NEX-5.dtstyle
-- Installing: /home/ubuntu/programmer/darktable-5.6.0/share/darktable/styles/darktable_Sony_NEX-5N.dtstyle
-- Installing: /home/ubuntu/programmer/darktable-5.6.0/share/darktable/styles/darktable_Sony_NEX-5R.dtstyle
-- Installing: /home/ubuntu/programmer/darktable-5.6.0/share/darktable/styles/darktable_Sony_NEX-5T.dtstyle
-- Installing: /home/ubuntu/programmer/darktable-5.6.0/share/darktable/styles/darktable_Sony_NEX-6.dtstyle
-- Installing: /home/ubuntu/programmer/darktable-5.6.0/share/darktable/styles/darktable_Sony_NEX-C3.dtstyle
-- Installing: /home/ubuntu/programmer/darktable-5.6.0/share/darktable/styles/darktable_Sony_NEX-F3.dtstyle
-- Installing: /home/ubuntu/programmer/darktable-5.6.0/share/darktable/styles/darktable_Sony_SLT-A33.dtstyle
-- Installing: /home/ubuntu/programmer/darktable-5.6.0/share/darktable/styles/darktable_Sony_SLT-A35.dtstyle
-- Installing: /home/ubuntu/programmer/darktable-5.6.0/share/darktable/styles/darktable_Sony_SLT-A37.dtstyle
-- Installing: /home/ubuntu/programmer/darktable-5.6.0/share/darktable/styles/darktable_Sony_SLT-A55.dtstyle
-- Installing: /home/ubuntu/programmer/darktable-5.6.0/share/darktable/styles/darktable_Sony_SLT-A57.dtstyle
-- Installing: /home/ubuntu/programmer/darktable-5.6.0/share/darktable/styles/darktable_Sony_SLT-A58.dtstyle
-- Installing: /home/ubuntu/programmer/darktable-5.6.0/share/darktable/styles/darktable_Sony_SLT-A65.dtstyle
-- Installing: /home/ubuntu/programmer/darktable-5.6.0/share/darktable/styles/darktable_Sony_SLT-A77.dtstyle
-- Installing: /home/ubuntu/programmer/darktable-5.6.0/share/darktable/styles/darktable_Sony_SLT-A99.dtstyle
-- Installing: /home/ubuntu/programmer/darktable-5.6.0/share/darktable/styles/darktable_Sony_UMC-R10C.dtstyle
-- Installing: /home/ubuntu/programmer/darktable-5.6.0/share/darktable/styles/darktable_Sony_ZV-1.dtstyle
-- Installing: /home/ubuntu/programmer/darktable-5.6.0/share/darktable/styles/darktable_Sony_ZV-E1.dtstyle
-- Installing: /home/ubuntu/programmer/darktable-5.6.0/share/darktable/styles/darktable_Sony_ZV-E10.dtstyle
-- Installing: /home/ubuntu/programmer/darktable-5.6.0/share/darktable/styles/darktable__l10n_generic.dtstyle
-- Installing: /home/ubuntu/programmer/darktable-5.6.0/share/darktable/styles/examples_colors_autumn.dtstyle
-- Installing: /home/ubuntu/programmer/darktable-5.6.0/share/darktable/styles/examples_colors_blue LED lighting fix (strong).dtstyle
-- Installing: /home/ubuntu/programmer/darktable-5.6.0/share/darktable/styles/examples_colors_blue LED lighting fix.dtstyle
-- Installing: /home/ubuntu/programmer/darktable-5.6.0/share/darktable/styles/examples_colors_extreme saturation.dtstyle
-- Installing: /home/ubuntu/programmer/darktable-5.6.0/share/darktable/styles/examples_colors_faded.dtstyle
-- Installing: /home/ubuntu/programmer/darktable-5.6.0/share/darktable/styles/examples_colors_pastels.dtstyle
-- Installing: /home/ubuntu/programmer/darktable-5.6.0/share/darktable/styles/examples_colors_sepia.dtstyle
-- Installing: /home/ubuntu/programmer/darktable-5.6.0/share/darktable/styles/examples_contrast and sharpness_dehaze (strong, luminance only).dtstyle
-- Installing: /home/ubuntu/programmer/darktable-5.6.0/share/darktable/styles/examples_contrast and sharpness_extreme local contrast.dtstyle
-- Installing: /home/ubuntu/programmer/darktable-5.6.0/share/darktable/styles/examples_contrast and sharpness_sharpen finest details.dtstyle
-- Installing: /home/ubuntu/programmer/darktable-5.6.0/share/darktable/styles/examples_effects_4-up on US Letter paper.dtstyle
-- Installing: /home/ubuntu/programmer/darktable-5.6.0/share/darktable/styles/examples_effects_day for night.dtstyle
-- Installing: /home/ubuntu/programmer/darktable-5.6.0/share/darktable/styles/examples_effects_day for twilight.dtstyle
-- Installing: /home/ubuntu/programmer/darktable-5.6.0/share/darktable/styles/examples_effects_fog.dtstyle
-- Installing: /home/ubuntu/programmer/darktable-5.6.0/share/darktable/styles/examples_effects_motion blur.dtstyle
-- Installing: /home/ubuntu/programmer/darktable-5.6.0/share/darktable/styles/examples_effects_red-eye reduction.dtstyle
-- Installing: /home/ubuntu/programmer/darktable-5.6.0/share/darktable/styles/examples_spot color_blue.dtstyle
-- Installing: /home/ubuntu/programmer/darktable-5.6.0/share/darktable/styles/examples_spot color_cyan.dtstyle
-- Installing: /home/ubuntu/programmer/darktable-5.6.0/share/darktable/styles/examples_spot color_green.dtstyle
-- Installing: /home/ubuntu/programmer/darktable-5.6.0/share/darktable/styles/examples_spot color_magenta.dtstyle
-- Installing: /home/ubuntu/programmer/darktable-5.6.0/share/darktable/styles/examples_spot color_orange.dtstyle
-- Installing: /home/ubuntu/programmer/darktable-5.6.0/share/darktable/styles/examples_spot color_purple.dtstyle
-- Installing: /home/ubuntu/programmer/darktable-5.6.0/share/darktable/styles/examples_spot color_red.dtstyle
-- Installing: /home/ubuntu/programmer/darktable-5.6.0/share/darktable/styles/examples_spot color_yellow.dtstyle
-- Installing: /home/ubuntu/programmer/darktable-5.6.0/share/darktable/kernels/agx.cl
-- Installing: /home/ubuntu/programmer/darktable-5.6.0/share/darktable/kernels/atrous.cl
-- Installing: /home/ubuntu/programmer/darktable-5.6.0/share/darktable/kernels/basecurve.cl
-- Installing: /home/ubuntu/programmer/darktable-5.6.0/share/darktable/kernels/basic.cl
-- Installing: /home/ubuntu/programmer/darktable-5.6.0/share/darktable/kernels/basicadj.cl
-- Installing: /home/ubuntu/programmer/darktable-5.6.0/share/darktable/kernels/bilateral.cl
-- Installing: /home/ubuntu/programmer/darktable-5.6.0/share/darktable/kernels/blendop.cl
-- Installing: /home/ubuntu/programmer/darktable-5.6.0/share/darktable/kernels/bloom.cl
-- Installing: /home/ubuntu/programmer/darktable-5.6.0/share/darktable/kernels/blurs.cl
-- Installing: /home/ubuntu/programmer/darktable-5.6.0/share/darktable/kernels/bspline.cl
-- Installing: /home/ubuntu/programmer/darktable-5.6.0/share/darktable/kernels/capture.cl
-- Installing: /home/ubuntu/programmer/darktable-5.6.0/share/darktable/kernels/channelmixer.cl
-- Installing: /home/ubuntu/programmer/darktable-5.6.0/share/darktable/kernels/colorequal.cl
-- Installing: /home/ubuntu/programmer/darktable-5.6.0/share/darktable/kernels/colorharmonizer.cl
-- Installing: /home/ubuntu/programmer/darktable-5.6.0/share/darktable/kernels/colorreconstruction.cl
-- Installing: /home/ubuntu/programmer/darktable-5.6.0/share/darktable/kernels/colorspaces.cl
-- Installing: /home/ubuntu/programmer/darktable-5.6.0/share/darktable/kernels/demosaic_markesteijn.cl
-- Installing: /home/ubuntu/programmer/darktable-5.6.0/share/darktable/kernels/demosaic_other.cl
-- Installing: /home/ubuntu/programmer/darktable-5.6.0/share/darktable/kernels/demosaic_ppg.cl
-- Installing: /home/ubuntu/programmer/darktable-5.6.0/share/darktable/kernels/demosaic_rcd.cl
-- Installing: /home/ubuntu/programmer/darktable-5.6.0/share/darktable/kernels/demosaic_vng.cl
-- Installing: /home/ubuntu/programmer/darktable-5.6.0/share/darktable/kernels/denoiseprofile.cl
-- Installing: /home/ubuntu/programmer/darktable-5.6.0/share/darktable/kernels/diffuse.cl
-- Installing: /home/ubuntu/programmer/darktable-5.6.0/share/darktable/kernels/dwt.cl
-- Installing: /home/ubuntu/programmer/darktable-5.6.0/share/darktable/kernels/extended.cl
-- Installing: /home/ubuntu/programmer/darktable-5.6.0/share/darktable/kernels/filmic.cl
-- Installing: /home/ubuntu/programmer/darktable-5.6.0/share/darktable/kernels/gaussian.cl
-- Installing: /home/ubuntu/programmer/darktable-5.6.0/share/darktable/kernels/guided_filter.cl
-- Installing: /home/ubuntu/programmer/darktable-5.6.0/share/darktable/kernels/hazeremoval.cl
-- Installing: /home/ubuntu/programmer/darktable-5.6.0/share/darktable/kernels/highpass.cl
-- Installing: /home/ubuntu/programmer/darktable-5.6.0/share/darktable/kernels/liquify.cl
-- Installing: /home/ubuntu/programmer/darktable-5.6.0/share/darktable/kernels/locallaplacian.cl
-- Installing: /home/ubuntu/programmer/darktable-5.6.0/share/darktable/kernels/lut3d.cl
-- Installing: /home/ubuntu/programmer/darktable-5.6.0/share/darktable/kernels/negadoctor.cl
-- Installing: /home/ubuntu/programmer/darktable-5.6.0/share/darktable/kernels/nlmeans.cl
-- Installing: /home/ubuntu/programmer/darktable-5.6.0/share/darktable/kernels/overlay.cl
-- Installing: /home/ubuntu/programmer/darktable-5.6.0/share/darktable/kernels/retouch.cl
-- Installing: /home/ubuntu/programmer/darktable-5.6.0/share/darktable/kernels/rgbcurve.cl
-- Installing: /home/ubuntu/programmer/darktable-5.6.0/share/darktable/kernels/rgblevels.cl
-- Installing: /home/ubuntu/programmer/darktable-5.6.0/share/darktable/kernels/sharpen.cl
-- Installing: /home/ubuntu/programmer/darktable-5.6.0/share/darktable/kernels/sigmoid.cl
-- Installing: /home/ubuntu/programmer/darktable-5.6.0/share/darktable/kernels/soften.cl
-- Installing: /home/ubuntu/programmer/darktable-5.6.0/share/darktable/kernels/color_conversion.h
-- Installing: /home/ubuntu/programmer/darktable-5.6.0/share/darktable/kernels/colorspace.h
-- Installing: /home/ubuntu/programmer/darktable-5.6.0/share/darktable/kernels/common.h
-- Installing: /home/ubuntu/programmer/darktable-5.6.0/share/darktable/kernels/noise_generator.h
-- Installing: /home/ubuntu/programmer/darktable-5.6.0/share/darktable/kernels/programs.conf
-- Installing: /home/ubuntu/programmer/darktable-5.6.0/share/darktable/kernels/rgb_norms.h
-- Installing: /home/ubuntu/programmer/darktable-5.6.0/share/darktable/themes/chunk-condensed.css
-- Installing: /home/ubuntu/programmer/darktable-5.6.0/share/darktable/themes/chunk-fonts.css
-- Installing: /home/ubuntu/programmer/darktable-5.6.0/share/darktable/themes/darktable-elegant-dark.css
-- Installing: /home/ubuntu/programmer/darktable-5.6.0/share/darktable/themes/darktable-elegant-darker.css
-- Installing: /home/ubuntu/programmer/darktable-5.6.0/share/darktable/themes/darktable-elegant-grey.css
-- Installing: /home/ubuntu/programmer/darktable-5.6.0/share/darktable/themes/darktable-elegant-highcontrast.css
-- Installing: /home/ubuntu/programmer/darktable-5.6.0/share/darktable/themes/darktable-icons-dark.css
-- Installing: /home/ubuntu/programmer/darktable-5.6.0/share/darktable/themes/darktable-icons-darker.css
-- Installing: /home/ubuntu/programmer/darktable-5.6.0/share/darktable/themes/darktable-icons-grey.css
-- Installing: /home/ubuntu/programmer/darktable-5.6.0/share/darktable/themes/darktable-icons-highcontrast.css
-- Installing: /home/ubuntu/programmer/darktable-5.6.0/share/darktable/themes/darktable-icons.css
-- Installing: /home/ubuntu/programmer/darktable-5.6.0/share/darktable/themes/darktable.css
-- Installing: /home/ubuntu/programmer/darktable-5.6.0/share/darktable/style/bullet.gif
-- Installing: /home/ubuntu/programmer/darktable-5.6.0/share/darktable/style/close.gif
-- Installing: /home/ubuntu/programmer/darktable-5.6.0/share/darktable/style/closelabel.gif
-- Installing: /home/ubuntu/programmer/darktable-5.6.0/share/darktable/style/donate-button.gif
-- Installing: /home/ubuntu/programmer/darktable-5.6.0/share/darktable/style/download-icon.gif
-- Installing: /home/ubuntu/programmer/darktable-5.6.0/share/darktable/style/favicon.ico
-- Installing: /home/ubuntu/programmer/darktable-5.6.0/share/darktable/style/image-1.jpg
-- Installing: /home/ubuntu/programmer/darktable-5.6.0/share/darktable/style/lightbox.css
-- Installing: /home/ubuntu/programmer/darktable-5.6.0/share/darktable/style/loading.gif
-- Installing: /home/ubuntu/programmer/darktable-5.6.0/share/darktable/style/nextlabel.gif
-- Installing: /home/ubuntu/programmer/darktable-5.6.0/share/darktable/style/prevlabel.gif
-- Installing: /home/ubuntu/programmer/darktable-5.6.0/share/darktable/style/style.css
-- Installing: /home/ubuntu/programmer/darktable-5.6.0/share/darktable/style/thumb-1.jpg
-- Installing: /home/ubuntu/programmer/darktable-5.6.0/share/darktable/pswp
-- Installing: /home/ubuntu/programmer/darktable-5.6.0/share/darktable/pswp/photoswipe.min.js
-- Installing: /home/ubuntu/programmer/darktable-5.6.0/share/darktable/pswp/photoswipe-ui-default.js
-- Installing: /home/ubuntu/programmer/darktable-5.6.0/share/darktable/pswp/photoswipe-ui-default.min.js
-- Installing: /home/ubuntu/programmer/darktable-5.6.0/share/darktable/pswp/photoswipe.css
-- Installing: /home/ubuntu/programmer/darktable-5.6.0/share/darktable/pswp/photoswipe.js
-- Installing: /home/ubuntu/programmer/darktable-5.6.0/share/darktable/pswp/LICENSE
-- Installing: /home/ubuntu/programmer/darktable-5.6.0/share/darktable/pswp/default-skin
-- Installing: /home/ubuntu/programmer/darktable-5.6.0/share/darktable/pswp/default-skin/default-skin.png
-- Installing: /home/ubuntu/programmer/darktable-5.6.0/share/darktable/pswp/default-skin/default-skin.css
-- Installing: /home/ubuntu/programmer/darktable-5.6.0/share/darktable/pswp/default-skin/default-skin.svg
-- Installing: /home/ubuntu/programmer/darktable-5.6.0/share/darktable/pswp/default-skin/preloader.gif
-- Installing: /home/ubuntu/programmer/darktable-5.6.0/share/darktable/latex/photobook.cls
-- Installing: /home/ubuntu/programmer/darktable-5.6.0/share/darktable/lua
-- Installing: /home/ubuntu/programmer/darktable-5.6.0/share/darktable/lua/darktable
-- Installing: /home/ubuntu/programmer/darktable-5.6.0/share/darktable/lua/darktable/debug.lua
-- Installing: /home/ubuntu/programmer/darktable-5.6.0/share/darktable/luarc
-- Installing: /home/ubuntu/programmer/darktable-5.6.0/share/applications/org.darktable.darktable.desktop
-- Installing: /home/ubuntu/programmer/darktable-5.6.0/share/metainfo/org.darktable.darktable.appdata.xml
-- Installing: /home/ubuntu/programmer/darktable-5.6.0/share/darktable/watermarks/darktable.svg
-- Installing: /home/ubuntu/programmer/darktable-5.6.0/share/darktable/watermarks/fixed-size-text.svg
-- Installing: /home/ubuntu/programmer/darktable-5.6.0/share/darktable/watermarks/hasselblad.svg
-- Installing: /home/ubuntu/programmer/darktable-5.6.0/share/darktable/watermarks/metadata-template.svg
-- Installing: /home/ubuntu/programmer/darktable-5.6.0/share/darktable/watermarks/promo.svg
-- Installing: /home/ubuntu/programmer/darktable-5.6.0/share/darktable/watermarks/simple-text-shadow.svg
-- Installing: /home/ubuntu/programmer/darktable-5.6.0/share/darktable/watermarks/simple-text.svg
-- Installing: /home/ubuntu/programmer/darktable-5.6.0/share/darktable/gdb_commands
-- Installing: /home/ubuntu/programmer/darktable-5.6.0/share/darktable/shortcutsrc
-- Installing: /home/ubuntu/programmer/darktable-5.6.0/share/darktable/shortcutsrc.de
-- Installing: /home/ubuntu/programmer/darktable-5.6.0/share/darktable/noiseprofiles.json
-- Installing: /home/ubuntu/programmer/darktable-5.6.0/share/darktable/wb_presets.json
-- Installing: /home/ubuntu/programmer/darktable-5.6.0/share/darktable/ai_models.json
-- Installing: /home/ubuntu/programmer/darktable-5.6.0/share/darktable/ort_gpu.json
-- Installing: /home/ubuntu/programmer/darktable-5.6.0/share/darktable/darktablerc
-- Installing: /home/ubuntu/programmer/darktable-5.6.0/share/darktable/darktable.bash
-- Installing: /home/ubuntu/programmer/darktable-5.6.0/share/doc/darktable/AUTHORS
-- Installing: /home/ubuntu/programmer/darktable-5.6.0/share/doc/darktable/LICENSE
-- Installing: /home/ubuntu/programmer/darktable-5.6.0/share/man/man1/darktable.1
-- Installing: /home/ubuntu/programmer/darktable-5.6.0/share/man/man1/darktable-cli.1
-- Installing: /home/ubuntu/programmer/darktable-5.6.0/share/man/man1/darktable-generate-cache.1
-- Installing: /home/ubuntu/programmer/darktable-5.6.0/share/man/man1/darktable-cltest.1
-- Installing: /home/ubuntu/programmer/darktable-5.6.0/share/man/man1/darktable-cmstest.1
-- Installing: /home/ubuntu/programmer/darktable-5.6.0/share/darktable/tools/common.sh
-- Installing: /home/ubuntu/programmer/darktable-5.6.0/share/darktable/tools/extract_wb_from_images.sh
-- Installing: /home/ubuntu/programmer/darktable-5.6.0/share/darktable/tools/purge_from_cache.sh
-- Installing: /home/ubuntu/programmer/darktable-5.6.0/share/darktable/tools/purge_non_existing_images.sh
-- Installing: /home/ubuntu/programmer/darktable-5.6.0/share/darktable/tools/purge_unused_tags.sh
darktable 5.6.0
Copyright (C) 2012-2026 Johannes Hanika and other contributors.

Compile options:
  Bit depth              -> 64 bit
  Exiv2                  -> 0.28.8
  Lensfun                -> 0.3.4
  Debug                  -> DISABLED
  SSE2 optimizations     -> ENABLED
  OpenMP                 -> ENABLED
  OpenCL                 -> ENABLED
  Lua                    -> ENABLED  - API version 9.7.0
  Colord                 -> ENABLED
  gPhoto2                -> ENABLED  - Camera tethering is available
  OSMGpsMap              -> ENABLED  - Map view is available
  GMIC                   -> ENABLED  - Compressed LUTs are supported
  GraphicsMagick         -> ENABLED
  ImageMagick            -> DISABLED
  libavif                -> ENABLED
  libheif                -> ENABLED
  libjxl                 -> ENABLED
  LibRaw                 -> ENABLED  - Version 0.22.0-Release
  OpenJPEG               -> ENABLED
  OpenEXR                -> ENABLED
  WebP                   -> ENABLED
  AI                     -> ENABLED

See https://www.darktable.org/resources/ for detailed documentation.
See https://github.com/darktable-org/darktable/issues/new/choose to report bugs.
